-- phpMyAdmin SQL Dump
-- version 4.9.5
-- https://www.phpmyadmin.net/
--
-- Host: 127.0.0.1
-- Generation Time: Jul 19, 2020 at 07:31 AM
-- Server version: 10.1.32-MariaDB
-- PHP Version: 7.2.5

SET SQL_MODE = "NO_AUTO_VALUE_ON_ZERO";
SET AUTOCOMMIT = 0;
START TRANSACTION;
SET time_zone = "+00:00";


/*!40101 SET @OLD_CHARACTER_SET_CLIENT=@@CHARACTER_SET_CLIENT */;
/*!40101 SET @OLD_CHARACTER_SET_RESULTS=@@CHARACTER_SET_RESULTS */;
/*!40101 SET @OLD_COLLATION_CONNECTION=@@COLLATION_CONNECTION */;
/*!40101 SET NAMES utf8mb4 */;

--
-- Database: `informatika`
--

-- --------------------------------------------------------

--
-- Table structure for table `dosen`
--

CREATE TABLE `dosen` (
  `idDosen` int(11) NOT NULL,
  `nip` varchar(255) NOT NULL,
  `nama` varchar(255) NOT NULL
) ENGINE=InnoDB DEFAULT CHARSET=latin1;

--
-- Dumping data for table `dosen`
--

INSERT INTO `dosen` (`idDosen`, `nip`, `nama`) VALUES
(1, 'P.1193', 'Drs. Johanes Eka Priyatma M.Sc., Ph.D.'),
(2, 'P.1507', 'Henricus Agung Hernawan S.T., M.Kom.'),
(3, 'P.2053', 'Alb. Agung Hadhiatma M.T.'),
(4, 'P.2467', 'Eduardus Hardika Sandy Atmaja S.Kom., M.Cs.'),
(5, 'P.1365', 'Dr. Anastasia Rita Widiarti'),
(6, 'P.1380', 'Drs. Silverio Raden Lilik Aji Sampurno M.Hum.'),
(7, 'T.991603', 'Emmanuel Satyo Yuwono S.Psi., M.Hum.'),
(8, 'T.991244', 'Drs. Kartono M.Hum.'),
(9, 'T.991736', 'Martina Winarni Ekaningsih S.Pd.'),
(10, 'T.991164', 'Diana Christanti S.Pd.'),
(11, 'T.991755', 'Agatha Pepy Yerinta M.Hum.'),
(12, 'T.991203', 'Cicilia Dwi Setyorini S.Pd.'),
(13, 'T.991760', 'Angela Bayu Pertama Sari M.Pd.'),
(14, 'T.991679', 'Catharina Brameswari S.Pd., M.Hum.'),
(15, 'P.2449', 'Elisabeth Oseanita Pukan S.S., M.A.');

-- --------------------------------------------------------

--
-- Table structure for table `mahasiswa`
--

CREATE TABLE `mahasiswa` (
  `idMahasiswa` int(11) NOT NULL,
  `nim` int(9) DEFAULT NULL,
  `nama` varchar(255) DEFAULT NULL,
  `dpa` varchar(255) DEFAULT NULL,
  `minat` varchar(225) NOT NULL,
  `status` int(1) DEFAULT NULL,
  `ipk` int(1) DEFAULT NULL,
  `sks` int(3) DEFAULT NULL,
  `dosbing` varchar(255) NOT NULL,
  `dosbing1` int(11) NOT NULL
) ENGINE=InnoDB DEFAULT CHARSET=utf8;

--
-- Dumping data for table `mahasiswa`
--

INSERT INTO `mahasiswa` (`idMahasiswa`, `nim`, `nama`, `dpa`, `minat`, `status`, `ipk`, `sks`, `dosbing`, `dosbing1`) VALUES
(1, 125314033, 'ARLEANDO MANGARA SIAGIAN', NULL, '', 1, NULL, NULL, '', 0),
(2, 125314088, 'JULIAN DWI ROSANTA', NULL, '', 1, NULL, NULL, '', 0),
(3, 125314092, 'LAURENSIUS ANDIKA NOVEMBRI', NULL, '', 1, NULL, NULL, '', 0),
(4, 125314129, 'FEBRY RHENALDY', NULL, '', 1, NULL, NULL, '', 0),
(5, 125314134, 'FAJAR SETYONO', NULL, '', 1, NULL, NULL, '', 0),
(6, 135314014, 'YOHANES AGUNG NUGROHO', NULL, '', 1, NULL, NULL, '', 0),
(7, 135314045, 'STANISLAUS ADRIAN CHRISNAMURTI', NULL, '', 1, NULL, NULL, '', 0),
(8, 135314105, 'AMY THEODOSIUS NAINGGOLAN', NULL, '', 1, NULL, NULL, '', 0),
(9, 145314015, 'ANGELA RINTAN NIRMALASINTA', NULL, '', 1, NULL, NULL, '', 0),
(10, 145314055, 'CHRISTO TRI ADI KARA TJAHYA ALAM', NULL, '', 1, NULL, NULL, '', 0),
(11, 145314071, 'NIMAS AYU TIARA PERMATASARI', NULL, '', 1, NULL, NULL, '', 0),
(12, 145314079, 'GUNTUR AJI PAMUNGKAS', NULL, '', 1, NULL, NULL, '', 0),
(13, 145314083, 'WAHYUNING NDARU TEJOKUSUMO', NULL, '', 1, NULL, NULL, '', 0),
(14, 145314085, 'BAGAS TRI JUNIANTO', NULL, '', 1, NULL, NULL, '', 0),
(15, 145314089, 'ALFRIAN FERNANDO LAMAWURAN', NULL, '', 1, NULL, NULL, '', 0),
(16, 145314091, 'YOSEP TEKI NUGROHO', NULL, '', 1, NULL, NULL, '', 0),
(17, 145314092, 'YOHANES DICKY MAHENDRA', NULL, '', 1, NULL, NULL, '', 0),
(18, 145314094, 'JUNANDUS SIJABAT', NULL, '', 1, NULL, NULL, '', 0),
(19, 145314110, 'MULIADI MARPAUNG', NULL, '', 1, NULL, NULL, '', 0),
(20, 155314002, 'ASIH SULISTYANI', NULL, '', 1, NULL, NULL, '', 0),
(21, 155314003, 'PRADHIKA DWI YULDANIA', NULL, '', 1, NULL, NULL, '', 0),
(22, 155314004, 'YOHANA MUSTIKA RINJANI PUTRI', NULL, '', 1, NULL, NULL, '', 0),
(23, 155314005, 'NOVA NIATI', NULL, '', 1, NULL, NULL, '', 0),
(24, 155314007, 'YESY MAYANG SARI', NULL, '', 1, NULL, NULL, '', 0),
(25, 155314008, 'ADRES KUSUMAWARDHANA', NULL, '', 1, NULL, NULL, '', 0),
(26, 155314009, 'JAVA SINDHARA', NULL, '', 1, NULL, NULL, '', 0),
(27, 155314012, 'MIKHA ADMAWIJAYA', NULL, '', 1, NULL, NULL, '', 0),
(28, 155314013, 'LAYUNG INDRA APRILIA', NULL, '', 1, NULL, NULL, '', 0),
(29, 155314014, 'EVANDER JULIANSYAH H', NULL, '', 1, NULL, NULL, '', 0),
(30, 155314015, 'GERALDEV MANOAH', NULL, '', 1, NULL, NULL, '', 0),
(31, 155314017, 'ALBERTHUS PRAMUDITO PUTRA BERNANTO', NULL, '', 1, NULL, NULL, '', 0),
(32, 155314019, 'STANISLAUS RAFAEL BHAYU NUGROHO WIJANARKO', NULL, '', 1, NULL, NULL, '', 0),
(33, 155314020, 'DIONISIUS TAUFAN ENGGAR INDRAJAYA', NULL, '', 1, NULL, NULL, '', 0),
(34, 155314021, 'WENTRI FEBRIASIE', NULL, '', 1, NULL, NULL, '', 0),
(35, 155314022, 'WINDI TRI APRILIANI', NULL, '', 1, NULL, NULL, '', 0),
(36, 155314023, 'OKTAVIANUS ZENGGI SURYA PUTRANJAYA', NULL, '', 1, NULL, NULL, '', 0),
(37, 155314024, 'OSMOND GIOVANNI INDYAPUTRA', NULL, '', 1, NULL, NULL, '', 0),
(38, 155314025, 'AGENDA YUDHA SAMUDRA', NULL, '', 1, NULL, NULL, '', 0),
(39, 155314026, 'CHRISTIAN CAROLUS BAGAS PRADANA', NULL, '', 1, NULL, NULL, '', 0),
(40, 155314027, 'PETER GIGIH TRIMULYO HADI', NULL, '', 1, NULL, NULL, '', 0),
(41, 155314028, 'YUNUS IHSAN SETYAWAN', NULL, '', 1, NULL, NULL, '', 0),
(42, 155314030, 'MARIA DAMAYANTI', NULL, '', 1, NULL, NULL, '', 0),
(43, 155314031, 'ANDREAS FEBRIANTO', NULL, '', 1, NULL, NULL, '', 0),
(44, 155314033, 'GREGORIUS BIMA KHARISMA WICAKSANA', NULL, '', 1, NULL, NULL, '', 0),
(45, 155314034, 'ANTONIO KENNY SETIAWAN', NULL, '', 1, NULL, NULL, '', 0),
(46, 155314035, 'MARIA REGINA CELISETYAWATI', NULL, '', 1, NULL, NULL, '', 0),
(47, 155314036, 'ANDITIO KURNIA WIJAYA', NULL, '', 1, NULL, NULL, '', 0),
(48, 155314037, 'ROBERTUS GARIN PERMANA', NULL, '', 1, NULL, NULL, '', 0),
(49, 155314038, 'MARTINUS TRI NUR CAHYONO', NULL, '', 1, NULL, NULL, '', 0),
(50, 155314040, 'YULIUS ELFRISA DESANCOKO', NULL, '', 1, NULL, NULL, '', 0),
(51, 155314042, 'ANINDYA SABRINA PANGESTI', NULL, '', 1, NULL, NULL, '', 0),
(52, 155314043, 'IGNASIUS GAYOH ADI JAYA', NULL, '', 1, NULL, NULL, '', 0),
(53, 155314044, 'YOSAFAT WILLY CHRISTIAN', NULL, '', 1, NULL, NULL, '', 0),
(54, 155314045, 'MONICA RINDA CHRISTANTO', NULL, '', 1, NULL, NULL, '', 0),
(55, 155314046, 'FELLIA FEBRIANI', NULL, '', 1, NULL, NULL, '', 0),
(56, 155314047, 'NOVRI KARYADI SAHPUTRA', NULL, '', 1, NULL, NULL, '', 0),
(57, 155314048, 'YASINTHA PUTERI LARASATI', NULL, '', 1, NULL, NULL, '', 0),
(58, 155314049, 'SALVATORE KIDUNG SIMADANU', NULL, '', 1, NULL, NULL, '', 0),
(59, 155314050, 'BILY LESMANA', NULL, '', 1, NULL, NULL, '', 0),
(60, 155314051, 'RIRIN DWI WIJAYANTI', NULL, '', 1, NULL, NULL, '', 0),
(61, 155314052, 'ANDREA SETYA DEWA', NULL, '', 1, NULL, NULL, '', 0),
(62, 155314053, 'STEFANUS DWI RIARTO', NULL, '', 1, NULL, NULL, '', 0),
(63, 155314054, 'NATALIA AMBARWATI', NULL, '', 1, NULL, NULL, '', 0),
(64, 155314055, 'YOHANES PUTRANTO SURYO KUSUMO', NULL, '', 1, NULL, NULL, '', 0),
(65, 155314058, 'THEODULUS TITHO', NULL, '', 1, NULL, NULL, '', 0),
(66, 155314060, 'PETRUS AGUNG WICAKSANA ENJANG GUMELAR', NULL, '', 1, NULL, NULL, '', 0),
(67, 155314061, 'GALIH SUPRAYOGO', NULL, '', 1, NULL, NULL, '', 0),
(68, 155314062, 'JERI FERDIANO', NULL, '', 1, NULL, NULL, '', 0),
(69, 155314063, 'NANDIEL DESEA ANDANA', NULL, '', 1, NULL, NULL, '', 0),
(70, 155314067, 'MEGA ANINDITA', NULL, '', 1, NULL, NULL, '', 0),
(71, 155314068, 'TUBAGUS RENDY SURYA NEGARA IBNU RAHMAT KARTAWIJAYA', NULL, '', 1, NULL, NULL, '', 0),
(72, 155314072, 'MARIO AGUSTORIUS LIODA GHETA SEDA', NULL, '', 1, NULL, NULL, '', 0),
(73, 155314073, 'BASTIAN CHANDRA KUSUMA', NULL, '', 1, NULL, NULL, '', 0),
(74, 155314074, 'RENTAH ASIH GALUH DEBORA ISSADHA', NULL, '', 1, NULL, NULL, '', 0),
(75, 155314075, 'ANDREAS KEVIN FEBIANTO', NULL, '', 1, NULL, NULL, '', 0),
(76, 155314076, 'DAVID PRASETYA ADI', NULL, '', 1, NULL, NULL, '', 0),
(77, 155314077, 'ORNANDO TRIHANDARU SETIAJI', NULL, '', 1, NULL, NULL, '', 0),
(78, 155314078, 'JOEVIAN CAESARIO JUHARDI', NULL, '', 1, NULL, NULL, '', 0),
(79, 155314082, 'ANDREAS CHRISANTO LALO NUSA', NULL, '', 1, NULL, NULL, '', 0),
(80, 155314083, 'KALORINDA', NULL, '', 1, NULL, NULL, '', 0),
(81, 155314084, 'THEO BUANA PONGSUMARRE', NULL, '', 1, NULL, NULL, '', 0),
(82, 155314085, 'VINCENTIUS BAYU FAJAR KURNIAWAN', NULL, '', 1, NULL, NULL, '', 0),
(83, 155314086, 'Y. ADVENSIUS PUTRA PAMUNGKAS', NULL, '', 1, NULL, NULL, '', 0),
(84, 155314088, 'VENTYA FERNITHA', NULL, '', 1, NULL, NULL, '', 0),
(85, 155314089, 'GHERALDO SARANGNGA\' BENDON', NULL, '', 1, NULL, NULL, '', 0),
(86, 155314090, 'REINARDUS AJI HARISTU', NULL, '', 1, NULL, NULL, '', 0),
(87, 155314091, 'ANINDIA ADYUTAWATI NUGRAHENI', NULL, '', 1, NULL, NULL, '', 0),
(88, 155314092, 'LENDRA RIADY', NULL, '', 1, NULL, NULL, '', 0),
(89, 155314094, 'JOSHUA BOANERGES TAMPI', NULL, '', 1, NULL, NULL, '', 0),
(90, 155314095, 'YOHANES ADI PURNOMO BATLAYERI', NULL, '', 1, NULL, NULL, '', 0),
(91, 155314097, 'TIMOTIUS AQUINO FEBRI WIDYASETYANTO', NULL, '', 1, NULL, NULL, '', 0),
(92, 155314099, 'SULISTYO ATMOJO', NULL, '', 1, NULL, NULL, '', 0),
(93, 155314100, 'RISKY SIMAREMARE', NULL, '', 1, NULL, NULL, '', 0),
(94, 155314101, 'CAHYA WICAKSANA', NULL, '', 1, NULL, NULL, '', 0),
(95, 155314102, 'SEBASTIANUS RECZY.S', NULL, '', 1, NULL, NULL, '', 0),
(96, 155314103, 'RUTH HANSELIANI', NULL, '', 1, NULL, NULL, '', 0),
(97, 155314104, 'RENALDI', NULL, '', 1, NULL, NULL, '', 0),
(98, 155314105, 'ARVIN ADITAMA SANTOSO', NULL, '', 1, NULL, NULL, '', 0),
(99, 155314106, 'LEONARDUS PITER MAHENDRA', NULL, '', 1, NULL, NULL, '', 0),
(100, 155314107, 'CLEMENT ABRAHAM SIDOMULYO', NULL, '', 1, NULL, NULL, '', 0),
(101, 155314108, 'PAULUS BREMA HUTAGALUNG', NULL, '', 1, NULL, NULL, '', 0),
(102, 155314109, 'ELFRIDA AFENTRI MANURUNG', NULL, '', 1, NULL, NULL, '', 0),
(103, 155314110, 'JULIANA ENGELINA MANULLANG', NULL, '', 1, NULL, NULL, '', 0),
(104, 155314112, 'IMANUEL MOSES SETYARTANTYA', NULL, '', 1, NULL, NULL, '', 0),
(105, 155314113, 'GISKA CLAUDIA SINULINGGA', NULL, '', 1, NULL, NULL, '', 0),
(106, 155314114, 'BAGAS AJI WICAKSONO', NULL, '', 1, NULL, NULL, '', 0),
(107, 155314115, 'CLARA MARIA DE ROSARIO TAEK', NULL, '', 1, NULL, NULL, '', 0),
(108, 155314116, 'GRACE MARSELA HILDA PATTINAMA', NULL, '', 1, NULL, NULL, '', 0),
(109, 155314117, 'GREGORIUS MAGNUS MEGA SANJAYA', NULL, '', 1, NULL, NULL, '', 0),
(110, 155314118, 'ABRAHAM LOEDWIJCK', NULL, '', 1, NULL, NULL, '', 0),
(111, 155314120, 'KARAN AGUS PUTERA', NULL, '', 1, NULL, NULL, '', 0),
(112, 155314121, 'REDY RENNO IRIANTO', NULL, '', 1, NULL, NULL, '', 0),
(113, 155314122, 'GRASFIKA APRIANI SIHITE', NULL, '', 1, NULL, NULL, '', 0),
(114, 155314123, 'BALTASAR YANUARIUS S. SUDJONO', NULL, '', 1, NULL, NULL, '', 0),
(115, 155314124, 'MARIA CHRISTIN SIMANJUNTAK', NULL, '', 1, NULL, NULL, '', 0),
(116, 155314125, 'JAN WILLIAM SIANTURI', NULL, '', 1, NULL, NULL, '', 0),
(117, 155314126, 'YERNI MEI SULASTRI BAPTISTA SITORUS', NULL, '', 1, NULL, NULL, '', 0),
(118, 165314001, 'YAKOBUS ARIS ARVANTO', NULL, '', 1, NULL, NULL, '', 0),
(119, 165314002, 'ALEXANDER BERNADUS SUNGKONO', NULL, '', 1, NULL, NULL, '', 0),
(120, 165314003, 'NANANG HIMAWAN FAUZI', NULL, '', 1, NULL, NULL, '', 0),
(121, 165314004, 'GEDE RIZKY BELA DHARMA RUDYARTA', NULL, '', 1, NULL, NULL, '', 0),
(122, 165314006, 'ANTONIUS YOGI PRIHANTORO', NULL, '', 1, NULL, NULL, '', 0),
(123, 165314007, 'WIDI FIRMANSYAH', NULL, '', 1, NULL, NULL, '', 0),
(124, 165314009, 'EVANNOAH ROLIMARCH PRATAMA', NULL, '', 1, NULL, NULL, '', 0),
(125, 165314011, 'WENSESLAUS TYAS WICAKSANA', NULL, '', 1, NULL, NULL, '', 0),
(126, 165314012, 'BANYU WANA AJI', NULL, '', 1, NULL, NULL, '', 0),
(127, 165314013, 'AGNES WIDIANINGSIH WULANDARI', NULL, '', 1, NULL, NULL, '', 0),
(128, 165314014, 'BERNADETTE CHRESTELLA', NULL, '', 1, NULL, NULL, '', 0),
(129, 165314015, 'REYNALDI SETIAWAN', NULL, '', 1, NULL, NULL, '', 0),
(130, 165314016, 'WILLY FRANSCA', NULL, '', 1, NULL, NULL, '', 0),
(131, 165314017, 'FRANSISCUS XAVERIUS DHIMAS DWI RATNANTO', NULL, '', 1, NULL, NULL, '', 0),
(132, 165314018, 'GESANG AGENG TRISAKTI', NULL, '', 1, NULL, NULL, '', 0),
(133, 165314020, 'YOGA DWI PRASETYO', NULL, '', 1, NULL, NULL, '', 0),
(134, 165314021, 'TATAG HARDOYO', NULL, '', 1, NULL, NULL, '', 0),
(135, 165314023, 'AURELI ISAIAS', NULL, '', 1, NULL, NULL, '', 0),
(136, 165314024, 'CLARA RUMONDANG', NULL, '', 1, NULL, NULL, '', 0),
(137, 165314025, 'ANTONIUS BAYU ANGGORO JATI', NULL, '', 1, NULL, NULL, '', 0),
(138, 165314026, 'YOVANDA PRISCILLA', NULL, '', 1, NULL, NULL, '', 0),
(139, 165314027, 'YUSTINA LYVIA VIOLITA', NULL, '', 1, NULL, NULL, '', 0),
(140, 165314028, 'WILLIAMS NICOSEN', NULL, '', 1, NULL, NULL, '', 0),
(141, 165314029, 'HADIYAN FAIKAR', NULL, '', 1, NULL, NULL, '', 0),
(142, 165314031, 'ADITYA GALIH DIKA SIWI', NULL, '', 1, NULL, NULL, '', 0),
(143, 165314032, 'LAURENSIUS JENAR ARTYANDA', NULL, '', 1, NULL, NULL, '', 0),
(144, 165314033, 'JOSPHINE WAHYU SURYAKUMALA', NULL, '', 1, NULL, NULL, '', 0),
(145, 165314034, 'BERNADICTUS HERKULANTO HADISAPUTRA', NULL, '', 1, NULL, NULL, '', 0),
(146, 165314035, 'VICKY DARMAWAN', NULL, '', 1, NULL, NULL, '', 0),
(147, 165314036, 'MARIO ADITYA PRIMANDARU', NULL, '', 1, NULL, NULL, '', 0),
(148, 165314037, 'VERONICA MEIDITA SETYANI', NULL, '', 1, NULL, NULL, '', 0),
(149, 165314038, 'DANIEL JERIANSYAH', NULL, '', 1, NULL, NULL, '', 0),
(150, 165314039, 'ANDREAS BENY KURNIAWAN', NULL, '', 1, NULL, NULL, '', 0),
(151, 165314040, 'MUNA ALEKTA TARIGAN', NULL, '', 1, NULL, NULL, '', 0),
(152, 165314041, 'YOS RIO PURAGA', NULL, '', 1, NULL, NULL, '', 0),
(153, 165314042, 'FERDINAND ANDRE PASARIBU', NULL, '', 1, NULL, NULL, '', 0),
(154, 165314043, 'RICKY FERDIAN', NULL, '', 1, NULL, NULL, '', 0),
(155, 165314044, 'KRISTOPHORUS ABEL PRIAMBODO LUMBAN TOBING', NULL, '', 1, NULL, NULL, '', 0),
(156, 165314045, 'JOHAN SATRIA KESUMA', NULL, '', 1, NULL, NULL, '', 0),
(157, 165314046, 'FERDINANDUS LEMBAMBANG SULA', NULL, '', 1, NULL, NULL, '', 0),
(158, 165314047, 'YANUARIUS BASILIUS', NULL, '', 1, NULL, NULL, '', 0),
(159, 165314048, 'HIERONYMUS PRASTAWA AGUNG', NULL, '', 1, NULL, NULL, '', 0),
(160, 165314049, 'ANINDYAJATI', NULL, '', 1, NULL, NULL, '', 0),
(161, 165314050, 'KRISTIANUS YULI KURNIAWAN', NULL, '', 1, NULL, NULL, '', 0),
(162, 165314051, 'CHRISTIANTO EGA PRASETYO', NULL, '', 1, NULL, NULL, '', 0),
(163, 165314053, 'FINSA ABRAHAM ALBIYANDA', NULL, '', 1, NULL, NULL, '', 0),
(164, 165314054, 'EZRA PETRA NAMSA', NULL, '', 1, NULL, NULL, '', 0),
(165, 165314055, 'ANATASHA OCTARIAMA RESPATI DEWI SIMBOLON', NULL, '', 1, NULL, NULL, '', 0),
(166, 165314056, 'DELVIANA SIAHAAN', NULL, '', 1, NULL, NULL, '', 0),
(167, 165314057, 'BERNARD HATOGUAN SIREGAR', NULL, '', 1, NULL, NULL, '', 0),
(168, 165314058, 'HANDOKO PRASETYO', NULL, '', 1, NULL, NULL, '', 0),
(169, 165314060, 'STEFANUS KEVIN WICAKSONO', NULL, '', 1, NULL, NULL, '', 0),
(170, 165314061, 'NICODEMUS SEPTINOS PATI', NULL, '', 1, NULL, NULL, '', 0),
(171, 165314062, 'KLAUDIA KISNODI', NULL, '', 1, NULL, NULL, '', 0),
(172, 165314063, 'YOSEPH GUSTI RANDA', NULL, '', 1, NULL, NULL, '', 0),
(173, 165314065, 'I KETUT MULIANA', NULL, '', 1, NULL, NULL, '', 0),
(174, 165314066, 'VALENTINUS ANGGA ANKRISNAR', NULL, '', 1, NULL, NULL, '', 0),
(175, 165314067, 'YOHANES MARIA VIANEY RUMA', NULL, '', 1, NULL, NULL, '', 0),
(176, 165314068, 'MAKSIMILIANUS WILLIAM KAUS PUTRA', NULL, '', 1, NULL, NULL, '', 0),
(177, 165314069, 'DESI RATNASARI', NULL, '', 1, NULL, NULL, '', 0),
(178, 165314070, 'WAYAN SUGIARSA', NULL, '', 1, NULL, NULL, '', 0),
(179, 165314071, 'FRANSISCUS DWIAN ANUGERAH PRAMANA', NULL, '', 1, NULL, NULL, '', 0),
(180, 165314073, 'ARTHA DIAN SINAGA', NULL, '', 1, NULL, NULL, '', 0),
(181, 165314074, 'BERNARDUS GANDHANG PANJI WARDHANI', NULL, '', 1, NULL, NULL, '', 0),
(182, 165314076, 'GALUH PINGKAN RAHMADANTI', NULL, '', 1, NULL, NULL, '', 0),
(183, 165314077, 'YOLANDA EVELINE ARDININGTYAS', NULL, '', 1, NULL, NULL, '', 0),
(184, 165314078, 'DANIEL BRAM CHANDRA SAPUTRA', NULL, '', 1, NULL, NULL, '', 0),
(185, 165314079, 'TOBBY ARIYANTO MANDOI', NULL, '', 1, NULL, NULL, '', 0),
(186, 165314080, 'YOHANES KAPISTRANO NANA', NULL, '', 1, NULL, NULL, '', 0),
(187, 165314081, 'NORBERTUS KHRISNA PRATAMA', NULL, '', 1, NULL, NULL, '', 0),
(188, 165314082, 'KI TAE KWON', NULL, '', 1, NULL, NULL, '', 0),
(189, 165314083, 'HUSOR DAVID T PANDIANGAN', NULL, '', 1, NULL, NULL, '', 0),
(190, 165314084, 'ROMANUS HADYANTO ONGAN', NULL, '', 1, NULL, NULL, '', 0),
(191, 165314085, 'CLARA SANTA ANGKAMOR', NULL, '', 1, NULL, NULL, '', 0),
(192, 165314086, 'CAROLINE ASTERIA CAEZAR ARYANI', NULL, '', 1, NULL, NULL, '', 0),
(193, 165314087, 'ALBERT MATHIUN', NULL, '', 1, NULL, NULL, '', 0),
(194, 165314088, 'CHRISTIAN IISVHARAPRANIDANA PARAMITHA', NULL, '', 1, NULL, NULL, '', 0),
(195, 165314089, 'DAVID THANLIAN KURNIAWAN', NULL, '', 1, NULL, NULL, '', 0),
(196, 165314090, 'ANASTASIA NOVIA WINDRAWATI', NULL, '', 1, NULL, NULL, '', 0),
(197, 165314091, 'DAVID ALMACESAR HABEKA', NULL, '', 1, NULL, NULL, '', 0),
(198, 165314093, 'BAGAS DHITYA TAUFIQQI', NULL, '', 1, NULL, NULL, '', 0),
(199, 165314097, 'GANDHI NUGROHO', NULL, '', 1, NULL, NULL, '', 0),
(200, 165314098, 'PAULINA MANGANDE', NULL, '', 1, NULL, NULL, '', 0),
(201, 165314099, 'DIMA THOMAS REFANO', NULL, '', 1, NULL, NULL, '', 0),
(202, 165314100, 'GEORGIUS I PUTU VANDI SETYAWAN', NULL, '', 1, NULL, NULL, '', 0),
(203, 165314101, 'ALFRIYANDI DWI PRADIPTA SINAGA', NULL, '', 1, NULL, NULL, '', 0),
(204, 165314102, 'RACHEL ELISA UTAMA', NULL, '', 1, NULL, NULL, '', 0),
(205, 165314103, 'PUTU INTAN HASRI PUTRI', NULL, '', 1, NULL, NULL, '', 0),
(206, 165314104, 'MAGNUS ABIYU', NULL, '', 1, NULL, NULL, '', 0),
(207, 165314105, 'EKA PUTRA KURNIASANDY BENE DIKTUS', NULL, '', 1, NULL, NULL, '', 0),
(208, 165314106, 'AFRA RIAN YUDIANTO', NULL, '', 1, NULL, NULL, '', 0),
(209, 165314107, 'ALVA GRACEORA NUGROHO', NULL, '', 1, NULL, NULL, '', 0),
(210, 165314108, 'ROBERTUS BINTORO', NULL, '', 1, NULL, NULL, '', 0),
(211, 165314110, 'MARETHA ELISTYANA', NULL, '', 1, NULL, NULL, '', 0),
(212, 165314111, 'ANDREAS YAN PRATAMA ADI PANGESTU', NULL, '', 1, NULL, NULL, '', 0),
(213, 165314112, 'NINDA MAWARNI', NULL, '', 1, NULL, NULL, '', 0),
(214, 165314113, 'INDAH PERMATA SARI', NULL, '', 1, NULL, NULL, '', 0),
(215, 165314114, 'LUDHGERUS HERVIN ETBY SAPUTRA', NULL, '', 1, NULL, NULL, '', 0),
(216, 165314115, 'DAVID PARSAORAN TAMPUBOLON', NULL, '', 1, NULL, NULL, '', 0),
(217, 165314116, 'HANANTO WIDIGDO', NULL, '', 1, NULL, NULL, '', 0),
(218, 165314117, 'PAULUS LEONARDO SETIA PRABOWO', NULL, '', 1, NULL, NULL, '', 0),
(219, 165314118, 'EGIDIA YUNI SAVITRI', NULL, '', 1, NULL, NULL, '', 0),
(220, 165314121, 'VALENTINA YOHANA SENDUK', NULL, '', 1, NULL, NULL, '', 0),
(221, 165314124, 'DODI FERNANDO TAMBUNAN', NULL, '', 1, NULL, NULL, '', 0),
(222, 175314001, 'STEVAN TIOVANDI', NULL, '', 1, NULL, NULL, '', 0),
(223, 175314002, 'EDRICK HERNANDO', NULL, '', 1, NULL, NULL, '', 0),
(224, 175314003, 'MARKUS PATRIK SEKAITELES', NULL, '', 1, NULL, NULL, '', 0),
(225, 175314004, 'CHRISTOPHER MATTEW HERMAN', NULL, '', 1, NULL, NULL, '', 0),
(226, 175314005, 'NICHOLAS WIMBARA', NULL, '', 1, NULL, NULL, '', 0),
(227, 175314006, 'AYUNA ARMONICA', NULL, '', 1, NULL, NULL, '', 0),
(228, 175314007, 'IGNATIUS RIKO RINALDI', NULL, '', 1, NULL, NULL, '', 0),
(229, 175314008, 'NIKOLAUS HOSEA', NULL, '', 1, NULL, NULL, '', 0),
(230, 175314009, 'CHRISTIAN WIBOWO TRINUGROHO', NULL, '', 1, NULL, NULL, '', 0),
(231, 175314010, 'GERVASIUS TARUSMAN', NULL, '', 1, NULL, NULL, '', 0),
(232, 175314011, 'DESHA VIRIYA KSANTI PURNOMO', NULL, '', 1, NULL, NULL, '', 0),
(233, 175314012, 'PHILIPUS CHEVIN JOANITO MAGAT', NULL, '', 1, NULL, NULL, '', 0),
(234, 175314013, 'ALBERTUS IVAN ADYATMA MAHESWARA', NULL, '', 1, NULL, NULL, '', 0),
(235, 175314014, 'CHRISTIAN NARWASTU DELE', NULL, '', 1, NULL, NULL, '', 0),
(236, 175314015, 'I GEDE DIPAYANA', NULL, '', 1, NULL, NULL, '', 0),
(237, 175314016, 'RENDY EKO PRAYOGO', NULL, '', 1, NULL, NULL, '', 0),
(238, 175314017, 'PANJI LIBERTY PRATAMA HUAN', NULL, '', 1, NULL, NULL, '', 0),
(239, 175314018, 'WIRYAWAN SETYA NUGROHO', NULL, '', 1, NULL, NULL, '', 0),
(240, 175314019, 'REYN KEVIN KILA', NULL, '', 1, NULL, NULL, '', 0),
(241, 175314020, 'TANDRIANTO KOKO GUNAWAN', NULL, '', 1, NULL, NULL, '', 0),
(242, 175314021, 'FLORIANUS SURYA KEVIN', NULL, '', 1, NULL, NULL, '', 0),
(243, 175314022, 'FX DONI WAHYU SB', NULL, '', 1, NULL, NULL, '', 0),
(244, 175314023, 'FELIX PRIHANTORO', NULL, '', 1, NULL, NULL, '', 0),
(245, 175314024, 'DEVIDA AURELIA YACOB', NULL, '', 1, NULL, NULL, '', 0),
(246, 175314025, 'TANGGUH PURWOAGIL', NULL, '', 1, NULL, NULL, '', 0),
(247, 175314026, 'IKHSANUDIN NUGRAHA', NULL, '', 1, NULL, NULL, '', 0),
(248, 175314027, 'MICHAEL ALVIAN DANISH PRASOJO', NULL, '', 1, NULL, NULL, '', 0),
(249, 175314028, 'WAHYU WIJANARKO', NULL, '', 1, NULL, NULL, '', 0),
(250, 175314029, 'EZEKIEL JUAN FILIPPO CAPPI ARSYADI', NULL, '', 1, NULL, NULL, '', 0),
(251, 175314030, 'FLAVIANA ABRIANI HALIM', NULL, '', 1, NULL, NULL, '', 0),
(252, 175314031, 'WIRA DINATA', NULL, '', 1, NULL, NULL, '', 0),
(253, 175314032, 'GALIH PRASETYA JATI', NULL, '', 1, NULL, NULL, '', 0),
(254, 175314033, 'RIVAN ANANDITYA PRADANA', NULL, '', 1, NULL, NULL, '', 0),
(255, 175314034, 'REENA SIMANIHURUK', NULL, '', 1, NULL, NULL, '', 0),
(256, 175314035, 'WIBOWO CAHYONO', NULL, '', 1, NULL, NULL, '', 0),
(257, 175314036, 'NOVI FITRI', NULL, '', 1, NULL, NULL, '', 0),
(258, 175314037, 'SAFIRA NURTANTIA WILOPOJATI', NULL, '', 1, NULL, NULL, '', 0),
(259, 175314038, 'JOSE PEDRO FEBIAN', NULL, '', 1, NULL, NULL, '', 0),
(260, 175314039, 'ANDRI PRASETYO WIBOWO', NULL, '', 1, NULL, NULL, '', 0),
(261, 175314040, 'MARIA SIMPLISIA WEA LAJA', NULL, '', 1, NULL, NULL, '', 0),
(262, 175314041, 'ADVENTUS DIO', NULL, '', 1, NULL, NULL, '', 0),
(263, 175314042, 'DANIEL FREDERIK', NULL, '', 1, NULL, NULL, '', 0),
(264, 175314043, 'MIKHAEL SURYA PUSPITA JAYA', NULL, '', 1, NULL, NULL, '', 0),
(265, 175314044, 'YUSUP HARIS PURNOMO', NULL, '', 1, NULL, NULL, '', 0),
(266, 175314045, 'JOSEPH RIANDY PRATAMA HUTAGALUNG', NULL, '', 1, NULL, NULL, '', 0),
(267, 175314046, 'M.IKHSAN ABIMANYU', NULL, '', 1, NULL, NULL, '', 0),
(268, 175314047, 'FRANCISCA INTAN BERTIN', NULL, '', 1, NULL, NULL, '', 0),
(269, 175314048, 'RENELDIS PUTRI TANGGU', NULL, '', 1, NULL, NULL, '', 0),
(270, 175314049, 'RIVALDI ATMA DHINATA SEMBIRING', NULL, '', 1, NULL, NULL, '', 0),
(271, 175314050, 'ANDREAS ALDYANTO NURA', NULL, '', 1, NULL, NULL, '', 0),
(272, 175314051, 'SENDHY JAYA RAHARJA', NULL, '', 1, NULL, NULL, '', 0),
(273, 175314052, 'AGUNG KRISTANTO', NULL, '', 1, NULL, NULL, '', 0),
(274, 175314053, 'MARSELINUS BAGAS PRIMADITIA', NULL, '', 1, NULL, NULL, '', 0),
(275, 175314054, 'GEORGIUS FEBRYAN PRADANA', NULL, '', 1, NULL, NULL, '', 0),
(276, 175314055, 'CLARA ANGGITA AYU SETYANINGRUM', NULL, '', 1, NULL, NULL, '', 0),
(277, 175314056, 'OKKY YODI DWI PURWANTO', NULL, '', 1, NULL, NULL, '', 0),
(278, 175314057, 'VIINCENTIUS HENDRI KURNIAWAN', NULL, '', 1, NULL, NULL, '', 0),
(279, 175314058, 'ZEFANYA DEVENDRA PUTRI NGGANGGUS', NULL, '', 1, NULL, NULL, '', 0),
(280, 175314059, 'FRANSISCO DIAZ ATMARESTANTO', NULL, '', 1, NULL, NULL, '', 0),
(281, 175314060, 'ATANASIUS IVANNOEL RIO AJI', NULL, '', 1, NULL, NULL, '', 0),
(282, 175314061, 'BERLIN RAVELINO HUGO PADANG', NULL, '', 1, NULL, NULL, '', 0),
(283, 175314062, 'AROOM PUTRI ISWARI', NULL, '', 1, NULL, NULL, '', 0),
(284, 175314063, 'RIO PRADANA', NULL, '', 1, NULL, NULL, '', 0),
(285, 175314064, 'STANISLAUS INDRO KENAA TUKAN', NULL, '', 1, NULL, NULL, '', 0),
(286, 175314065, 'SIGIT PAMUNGKAS', NULL, '', 1, NULL, NULL, '', 0),
(287, 175314066, 'BIONDI ADHITYO PRABOWO', NULL, '', 1, NULL, NULL, '', 0),
(288, 175314067, 'YOHANES KEVIN WIJAYA', NULL, '', 1, NULL, NULL, '', 0),
(289, 175314068, 'YOSEF GANJAR WICAKSONO', NULL, '', 1, NULL, NULL, '', 0),
(290, 175314069, 'ERLYN AVIANDRY', NULL, '', 1, NULL, NULL, '', 0),
(291, 175314070, 'YOGA JUSTISIO HARLEAWAN', NULL, '', 1, NULL, NULL, '', 0),
(292, 175314071, 'EFRIYANI W. TARIGAN', NULL, '', 1, NULL, NULL, '', 0),
(293, 175314072, 'INGGRID JAHA', NULL, '', 1, NULL, NULL, '', 0),
(294, 175314073, 'WISNU SETYAWAN', NULL, '', 1, NULL, NULL, '', 0),
(295, 175314074, 'DIONISIUS NOVEN JUANDIKA BINTANG', NULL, '', 1, NULL, NULL, '', 0),
(296, 175314075, 'RAFAEL PASOPATI KRISNADWIPAYANA', NULL, '', 1, NULL, NULL, '', 0),
(297, 175314076, 'FRISKO ADRIAN', NULL, '', 1, NULL, NULL, '', 0),
(298, 175314077, 'RICHARDUS ALGA ADMAJA', NULL, '', 1, NULL, NULL, '', 0),
(299, 175314078, 'GUIDO DIKA FIRGUSTON', NULL, '', 1, NULL, NULL, '', 0),
(300, 175314079, 'MADE ARIVANDEGA WARNAWAN', NULL, '', 1, NULL, NULL, '', 0),
(301, 175314080, 'HIERONIMUS FREDY MORGAN', NULL, '', 1, NULL, NULL, '', 0),
(302, 175314081, 'IGNATIUS BENNY CHRISTIAN', NULL, '', 1, NULL, NULL, '', 0),
(303, 175314082, 'ALBERTUS SATRIO BAYUAJI', NULL, '', 1, NULL, NULL, '', 0),
(304, 175314083, 'IDA BAGUS YUDISTIRA PRAMA PUTRA', NULL, '', 1, NULL, NULL, '', 0),
(305, 175314084, 'GABRIEL RYAN PRIMA ADETIKA', NULL, '', 1, NULL, NULL, '', 0),
(306, 175314085, 'ALOYSIUS ADYTYA ENDRYANA PUTRA', NULL, '', 1, NULL, NULL, '', 0),
(307, 175314086, 'ROBERTUS YULIANTO', NULL, '', 1, NULL, NULL, '', 0),
(308, 175314087, 'ABRAM', NULL, '', 1, NULL, NULL, '', 0),
(309, 175314088, 'HARNITA DWI OKTAVANI', NULL, '', 1, NULL, NULL, '', 0),
(310, 175314089, 'ELLEINA RETRI WAHYU PUSPITASARI', NULL, '', 1, NULL, NULL, '', 0),
(311, 175314090, 'MARTIN PARAMARTA', NULL, '', 1, NULL, NULL, '', 0),
(312, 175314091, 'ALDY PAMUNGKAS', NULL, '', 1, NULL, NULL, '', 0),
(313, 175314092, 'MAHENDRA AULIA RAHMAN', NULL, '', 1, NULL, NULL, '', 0),
(314, 175314093, 'DAMARIO ADITAMA NAVYLIO', NULL, '', 1, NULL, NULL, '', 0),
(315, 175314094, 'CHRISTOPHORUS ARLENDITO DANOR SAPUTRO', NULL, '', 1, NULL, NULL, '', 0),
(316, 175314095, 'FRANSISKA ANNALISA CHRISTIANA HOLLY', NULL, '', 1, NULL, NULL, '', 0),
(317, 175314096, 'AGUSTINUS HANDAYA AJITAMA', NULL, '', 1, NULL, NULL, '', 0),
(318, 175314097, 'BENEDIKTUS RONY AGUNG KUSUMA', NULL, '', 1, NULL, NULL, '', 0),
(319, 175314099, 'YOSSA ANDIKA LAKSANA', NULL, '', 1, NULL, NULL, '', 0),
(320, 175314100, 'THOMAS CHRISTIAN WICAKSONO', NULL, '', 1, NULL, NULL, '', 0),
(321, 175314101, 'ERWINSYAH RICO AGUSTA', NULL, '', 1, NULL, NULL, '', 0),
(322, 175314102, 'AMELIA PARAMITA INDAH PAKARTI', NULL, '', 1, NULL, NULL, '', 0),
(323, 175314103, 'SYELEN KRISNANDA', NULL, '', 1, NULL, NULL, '', 0),
(324, 175314104, 'YEHEZKIEL PURNOMO AJI', NULL, '', 1, NULL, NULL, '', 0),
(325, 175314105, 'KAREL ARISTO', NULL, '', 1, NULL, NULL, '', 0),
(326, 175314106, 'SANDRA YOSEBA SIBI', NULL, '', 1, NULL, NULL, '', 0),
(327, 175314107, 'OKTA VADINDA PUTRI', NULL, '', 1, NULL, NULL, '', 0),
(328, 175314108, 'KRESENSIANA PRISKALIA', NULL, '', 1, NULL, NULL, '', 0),
(329, 175314109, 'GAGAS SAMPURRANA DAYA HEDOH', NULL, '', 1, NULL, NULL, '', 0),
(330, 175314110, 'CLAUDHEA ZITA LEGINA', NULL, '', 1, NULL, NULL, '', 0),
(331, 175314111, 'GREGORIUS BRYAN OSALDI', NULL, '', 1, NULL, NULL, '', 0),
(332, 175314112, 'FANI TRI HARSONO', NULL, '', 1, NULL, NULL, '', 0),
(333, 175314113, 'REYNALDI RAMADHANI', NULL, '', 1, NULL, NULL, '', 0),
(334, 175314114, 'JUANITA LISANDA', NULL, '', 1, NULL, NULL, '', 0),
(335, 175314115, 'PERDAMAIAN HIA', NULL, '', 1, NULL, NULL, '', 0),
(336, 175314116, 'ROSA TIRANDA', NULL, '', 1, NULL, NULL, '', 0),
(337, 175314117, 'KATRINA NI LUH ARIYANTINI', NULL, '', 1, NULL, NULL, '', 0),
(338, 175314118, 'TONI TUMPAL SIMANULLANG', NULL, '', 1, NULL, NULL, '', 0),
(339, 175314119, 'JESSYCA NOFANTY HAHURY', NULL, '', 1, NULL, NULL, '', 0),
(340, 175314120, 'SATRIO DANURDORO', NULL, '', 1, NULL, NULL, '', 0),
(341, 175314121, 'RAMA EKA PUTRANTO', NULL, '', 1, NULL, NULL, '', 0),
(342, 175314122, 'AMELIA PUTRI CENDRAKASIH', NULL, '', 1, NULL, NULL, '', 0),
(343, 175314123, 'KATARINA HARYANINGTYAS', NULL, '', 1, NULL, NULL, '', 0),
(344, 175314124, 'FRANSISKA APRI WULANDARI', NULL, '', 1, NULL, NULL, '', 0),
(345, 175314125, 'ARNOLDUS JANSSEN YUFIANTO', NULL, '', 1, NULL, NULL, '', 0),
(346, 175314126, 'THOMAS DANI KURNIAWAN', NULL, '', 1, NULL, NULL, '', 0),
(347, 175314127, 'ALEXANDER ADAM BAGASKARA', NULL, '', 1, NULL, NULL, '', 0),
(348, 185314001, 'ARYO NOVIANTO NUGROHO', NULL, '', 1, NULL, NULL, '', 0),
(349, 185314002, 'MILSYEL HARYANTO', NULL, '', 1, NULL, NULL, '', 0),
(350, 185314003, 'YUSUF FERLIAN ADITYA', NULL, '', 1, NULL, NULL, '', 0),
(351, 185314004, 'CALISTA OMEGA MARELLA', NULL, '', 1, NULL, NULL, '', 0),
(352, 185314005, 'DENNIS BONARDO SIMATUPANG', NULL, '', 1, NULL, NULL, '', 0),
(353, 185314006, 'CAECILIA MITA TENOWANI', NULL, '', 1, NULL, NULL, '', 0),
(354, 185314007, 'GRACIA STEFANI PUTRI', NULL, '', 1, NULL, NULL, '', 0),
(355, 185314008, 'ATANASIUS DEO FIRMANDA', NULL, '', 1, NULL, NULL, '', 0),
(356, 185314009, 'NIKOLAS SATYA SUDIBYONO', NULL, '', 1, NULL, NULL, '', 0),
(357, 185314010, 'HERIBERTUS ARGANA RAJENDRA IVANTO', NULL, '', 1, NULL, NULL, '', 0),
(358, 185314011, 'PRATAMA BEKTI KRISTANTO', NULL, '', 1, NULL, NULL, '', 0),
(359, 185314012, 'YB DAVID RAHARDITYA', NULL, '', 1, NULL, NULL, '', 0),
(360, 185314013, 'B VIRGIAWAN CHANDRA KUSUMA', NULL, '', 1, NULL, NULL, '', 0),
(361, 185314014, 'MATIAS SETO PRAYOGO', NULL, '', 1, NULL, NULL, '', 0),
(362, 185314015, 'DOMINIKUS DWIKA HARYO YUWONO', NULL, '', 1, NULL, NULL, '', 0),
(363, 185314016, 'IGNATIUS OBED TITO ASMODITOMO', NULL, '', 1, NULL, NULL, '', 0),
(364, 185314017, 'CHRISTIAN HERDANIO HADINISWORO', NULL, '', 1, NULL, NULL, '', 0),
(365, 185314018, 'JUAN HENDRY ARTARICK', NULL, '', 1, NULL, NULL, '', 0),
(366, 185314019, 'MARTINUS TRIWAHYUDI SUYANA', NULL, '', 1, NULL, NULL, '', 0),
(367, 185314020, 'RAFAEL NANDA WIBISANA GOTRIE', NULL, '', 1, NULL, NULL, '', 0),
(368, 185314021, 'RYAN HERMAWAN', NULL, '', 1, NULL, NULL, '', 0),
(369, 185314022, 'YOGA PUJA ARITAMA', NULL, '', 1, NULL, NULL, '', 0),
(370, 185314023, 'VINCENTIUS DEOGA YOBE CHRISNATA', NULL, '', 1, NULL, NULL, '', 0),
(371, 185314024, 'I GUSTI BAGUS ARI SIDI MANTRA ARSANA', NULL, '', 1, NULL, NULL, '', 0),
(372, 185314025, 'ANDIKA BAGUS SANTOSO', NULL, '', 1, NULL, NULL, '', 0),
(373, 185314026, 'GERDARISTA G URSULA ANOFA', NULL, '', 1, NULL, NULL, '', 0),
(374, 185314027, 'BERLIANA RESHITASWARI', NULL, '', 1, NULL, NULL, '', 0),
(375, 185314028, 'MARCELINA ROSA MILLEONITA', NULL, '', 1, NULL, NULL, '', 0),
(376, 185314029, 'MARIA FELICIA', NULL, '', 1, NULL, NULL, '', 0),
(377, 185314030, 'ANTONIUS DIGYO HENDARTO', NULL, '', 1, NULL, NULL, '', 0),
(378, 185314031, 'R. BINTANG YUBELLA HEMAS MURTONO', NULL, '', 1, NULL, NULL, '', 0),
(379, 185314032, 'SISILIA TRI AGUSTINA', NULL, '', 1, NULL, NULL, '', 0),
(380, 185314033, 'F. VIVIAN PRASKA WANDITA', NULL, '', 1, NULL, NULL, '', 0),
(381, 185314034, 'YOHANES WICAKSONO ADI', NULL, '', 1, NULL, NULL, '', 0),
(382, 185314035, 'MARSHELLINUS GALUNG PRATAMA', NULL, '', 1, NULL, NULL, '', 0),
(383, 185314036, 'RICHARDO SAPUTRA YOEWONO', NULL, '', 1, NULL, NULL, '', 0),
(384, 185314037, 'MARIA CHRISTINNE APRIJANY TJUNG', NULL, '', 1, NULL, NULL, '', 0),
(385, 185314038, 'MAURICE ELANG BRAMASTA', NULL, '', 1, NULL, NULL, '', 0),
(386, 185314039, 'EMILIANA SALDIOSTRI', NULL, '', 1, NULL, NULL, '', 0),
(387, 185314040, 'INGOEL KRISTIANI', NULL, '', 1, NULL, NULL, '', 0),
(388, 185314041, 'BAYU RESTU ADJI', NULL, '', 1, NULL, NULL, '', 0),
(389, 185314042, 'IVAN KURNIAWAN', NULL, '', 1, NULL, NULL, '', 0),
(390, 185314043, 'BERNADS BAGASKARA WAYANTO', NULL, '', 1, NULL, NULL, '', 0),
(391, 185314044, 'WAYAN EGY MARTEJA', NULL, '', 1, NULL, NULL, '', 0),
(392, 185314045, 'RAJENDRA LUBDHAKA MURTI', NULL, '', 1, NULL, NULL, '', 0),
(393, 185314046, 'JODHI ADI MAHENDRA', NULL, '', 1, NULL, NULL, '', 0),
(394, 185314047, 'ANDREAS EVAN SANTOSO', NULL, '', 1, NULL, NULL, '', 0),
(395, 185314048, 'STEPHANUS FELIX SURYANTO', NULL, '', 1, NULL, NULL, '', 0),
(396, 185314049, 'MARINA SUPPU LANGI', NULL, '', 1, NULL, NULL, '', 0),
(397, 185314050, 'BIONDY TIMOTHY', NULL, '', 1, NULL, NULL, '', 0),
(398, 185314051, 'BAGUS TRI GULARSO', NULL, '', 1, NULL, NULL, '', 0),
(399, 185314052, 'FERNANDO LISTANTOKO', NULL, '', 1, NULL, NULL, '', 0),
(400, 185314053, 'IGNASIUS TAGAST KRISNAPUTRA', NULL, '', 1, NULL, NULL, '', 0),
(401, 185314054, 'DRAJAT WIDYA KURNIAWAN', NULL, '', 1, NULL, NULL, '', 0),
(402, 185314055, 'HIERONIMUS ANGGIT TABA', NULL, '', 1, NULL, NULL, '', 0),
(403, 185314056, 'YESAYA RAHUTAMA SATRIA JATI', NULL, '', 1, NULL, NULL, '', 0),
(404, 185314057, 'ROMANUS DARMA', NULL, '', 1, NULL, NULL, '', 0),
(405, 185314058, 'YOHANES DANI PRATAMA RAHADIANTO', NULL, '', 1, NULL, NULL, '', 0),
(406, 185314059, 'GRACELLA ANGELICA EKARIATI PATIUNG', NULL, '', 1, NULL, NULL, '', 0),
(407, 185314060, 'WAHYU GALANG ARLIANSYAH', NULL, '', 1, NULL, NULL, '', 0),
(408, 185314061, 'DIAN PUTRA ANUGRAH S.B', NULL, '', 1, NULL, NULL, '', 0),
(409, 185314062, 'LIDWINA RATIH TRI WULANDARI', NULL, '', 1, NULL, NULL, '', 0),
(410, 185314063, 'EVARISTA IRIANTI', NULL, '', 1, NULL, NULL, '', 0),
(411, 185314064, 'CINDY YUDHITA MASSUDI', NULL, '', 1, NULL, NULL, '', 0),
(412, 185314065, 'YOSEPH ARGA BAGASKARA', NULL, '', 1, NULL, NULL, '', 0),
(413, 185314066, 'ROY GABE SITOMORANG', NULL, '', 1, NULL, NULL, '', 0),
(414, 185314067, 'FELISITAS GEA NANDA ELVIONA', NULL, '', 1, NULL, NULL, '', 0),
(415, 185314068, 'DANIEL DEWANTO', NULL, '', 1, NULL, NULL, '', 0),
(416, 185314069, 'YOLENDES HERMADI DANDI', NULL, '', 1, NULL, NULL, '', 0),
(417, 185314070, 'PETRUS GALANG ANDRIANTO', NULL, '', 1, NULL, NULL, '', 0),
(418, 185314071, 'RESKY NOVALIANDY', NULL, '', 1, NULL, NULL, '', 0),
(419, 185314072, 'GEORGE JUSEN', NULL, '', 1, NULL, NULL, '', 0),
(420, 185314073, 'KAROLINA NOVERISKA', NULL, '', 1, NULL, NULL, '', 0),
(421, 185314074, 'MONICA YESONIA', NULL, '', 1, NULL, NULL, '', 0),
(422, 185314075, 'RAMOT YUSTIAN HALIM PASARIBU', NULL, '', 1, NULL, NULL, '', 0),
(423, 185314076, 'CORNELIA NAYKIM', NULL, '', 1, NULL, NULL, '', 0),
(424, 185314077, 'DEWI', NULL, '', 1, NULL, NULL, '', 0),
(425, 185314078, 'PUTU DIKI CHANDRA', NULL, '', 1, NULL, NULL, '', 0),
(426, 185314079, 'GERARDUS ARLY SETIAWAN', NULL, '', 1, NULL, NULL, '', 0),
(427, 185314080, 'CINTYA CLAUDYA', NULL, '', 1, NULL, NULL, '', 0),
(428, 185314081, 'ANASTHASYA MILLENIA PULUNGAN', NULL, '', 1, NULL, NULL, '', 0),
(429, 185314082, 'MICHAEL DANI KOGOYA', NULL, '', 1, NULL, NULL, '', 0),
(430, 185314083, 'BONIFATIUS CHOSHE MANGGALA PUTRA', NULL, '', 1, NULL, NULL, '', 0),
(431, 185314084, 'YOHANES DEMAS ZANDRO NOVANTA', NULL, '', 1, NULL, NULL, '', 0),
(432, 185314085, 'EDUARDUS ERIK', NULL, '', 1, NULL, NULL, '', 0),
(433, 185314086, 'DAMIANUS HALILINTAR', NULL, '', 1, NULL, NULL, '', 0),
(434, 185314087, 'ROBERTO DANIEL PASARIBU', NULL, '', 1, NULL, NULL, '', 0),
(435, 185314088, 'STEFANUS HARDIKI KARDOS', NULL, '', 1, NULL, NULL, '', 0),
(436, 185314089, 'DESY RAMADHANI RUMBOU', NULL, '', 1, NULL, NULL, '', 0),
(437, 185314090, 'VITUS DAMA JIVANOV', NULL, '', 1, NULL, NULL, '', 0),
(438, 185314091, 'SHINE CROSSIFIXIO SIANTURI', NULL, '', 1, NULL, NULL, '', 0),
(439, 185314092, 'NESTA LAKSANA DANISWARA', NULL, '', 1, NULL, NULL, '', 0),
(440, 185314093, 'KRISTIAN ARYANTO WIBOWO', NULL, '', 1, NULL, NULL, '', 0),
(441, 185314094, 'ALEXANDRA VELMAS DUMATUBUN', NULL, '', 1, NULL, NULL, '', 0),
(442, 185314095, 'ANTONIUS BAGUS HENDI SAPUTRO', NULL, '', 1, NULL, NULL, '', 0),
(443, 185314096, 'TIANSI MIRANDA SITINJAK', NULL, '', 1, NULL, NULL, '', 0),
(444, 185314097, 'YOGI ERNESTO SIREKEN', NULL, '', 1, NULL, NULL, '', 0),
(445, 185314098, 'FAJAR WASKITO', NULL, '', 1, NULL, NULL, '', 0),
(446, 185314099, 'RIZKY STEVANUS HAMONANGAN BUTAR BUTAR', NULL, '', 1, NULL, NULL, '', 0),
(447, 185314100, 'SANGAJI IHSAN NURKHOLIS', NULL, '', 1, NULL, NULL, '', 0),
(448, 185314101, 'YUDHA ADHI PANGESTU', NULL, '', 1, NULL, NULL, '', 0),
(449, 185314102, 'NUR WIKAHA MEIDY BROMOZA HS', NULL, '', 1, NULL, NULL, '', 0),
(450, 185314103, 'AGUSTINUS DENISIUS YEUYANAN', NULL, '', 1, NULL, NULL, '', 0),
(451, 185314104, 'YOLANTA NASTASIA NOU DOPO', NULL, '', 1, NULL, NULL, '', 0),
(452, 185314105, 'TEOFILUS ALFANO DESWANDA', NULL, '', 1, NULL, NULL, '', 0),
(453, 185314107, 'CALVIN EKAYANA', NULL, '', 1, NULL, NULL, '', 0),
(454, 185314108, 'PHILIPUS AGRI ADHIATMA', NULL, '', 1, NULL, NULL, '', 0),
(455, 185314109, 'PRISCILLA ANGELLA INDRIANI.T.DERU', NULL, '', 1, NULL, NULL, '', 0),
(456, 185314110, 'NIDYA MUFLIHASARI', NULL, '', 1, NULL, NULL, '', 0),
(457, 185314111, 'KENNY GILBERT', NULL, '', 1, NULL, NULL, '', 0),
(458, 185314112, 'BANU NAI NGALIS', NULL, '', 1, NULL, NULL, '', 0),
(459, 185314113, 'ANDRIY GABRIELO BASTIANTO', NULL, '', 1, NULL, NULL, '', 0),
(460, 185314114, 'AGUSTINA BUDI STEVANI', NULL, '', 1, NULL, NULL, '', 0),
(461, 185314115, 'GERARDUS MAJELLA HANGGER ANOM KASWOROJATI', NULL, '', 1, NULL, NULL, '', 0),
(462, 185314116, 'D. AGUNG DANARIYANTO', NULL, '', 1, NULL, NULL, '', 0),
(463, 185314117, 'DESI DERIUS MILLENIYO ROWANDA', NULL, '', 1, NULL, NULL, '', 0),
(464, 185314118, 'RADIT AGATHA PRAKOSO', NULL, '', 1, NULL, NULL, '', 0),
(465, 185314119, 'OKTA SETYA PUTRA AGUSTIN', NULL, '', 1, NULL, NULL, '', 0),
(466, 185314120, 'NOVIYAN IMAM ARIFIN', NULL, '', 1, NULL, NULL, '', 0),
(467, 185314121, 'FRANCISKUS HENDARDI', NULL, '', 1, NULL, NULL, '', 0),
(468, 185314122, 'LAURENSIUS FERDINAN PUTRA NUGROHO', NULL, '', 1, NULL, NULL, '', 0),
(469, 185314123, 'YULIA ARTHA ROSARI', NULL, '', 1, NULL, NULL, '', 0),
(470, 185314124, 'GREGORIUS YURISTAMA NUGRAHA', NULL, '', 1, NULL, NULL, '', 0),
(471, 185314125, 'DYLINE MELYNEA FERNANDEZ', NULL, '', 1, NULL, NULL, '', 0),
(472, 185314126, 'RAKA PRIMANDA PUTRA', NULL, '', 1, NULL, NULL, '', 0),
(473, 185314127, 'DEAN CHRISTIANANDA ALFA WIBOWO SILITONGA', NULL, '', 1, NULL, NULL, '', 0),
(474, 185314128, 'LAURA FALENCIA OKTAVIA PANGARIBUAN', NULL, '', 1, NULL, NULL, '', 0),
(475, 185314129, 'PRILY ADISAPUTRA RUBAKLANGI\'', NULL, '', 1, NULL, NULL, '', 0),
(476, 185314130, 'GREGORIUS ARYO DWIATMOJO', NULL, '', 1, NULL, NULL, '', 0),
(477, 185314131, 'ARNOLDUS HARYANTO GARUM', NULL, '', 1, NULL, NULL, '', 0),
(478, 185314132, 'STEVANI MARIA MEILISSA SAPCA SAGURUNG', NULL, '', 1, NULL, NULL, '', 0),
(479, 185314133, 'NATANAEL LUMEN CHRISTY', NULL, '', 1, NULL, NULL, '', 0),
(480, 185314134, 'YOSAFAT YOAKIM KURNIA', NULL, '', 1, NULL, NULL, '', 0),
(481, 185314135, 'DHARU JIWO PAMBUDI', NULL, '', 1, NULL, NULL, '', 0),
(482, 185314136, 'I GUSTI NGURAH ASTIKA PRADNYANA DALEM', NULL, '', 1, NULL, NULL, '', 0),
(483, 185314137, 'MARCHELIENE MIRYASTRI BOLO', NULL, '', 1, NULL, NULL, '', 0),
(484, 185314138, 'PRIMA ELISA SEGU', NULL, '', 1, NULL, NULL, '', 0),
(485, 185314139, 'RADEN MICHAEL MAHIRSYA UMBA HARDIPUTRA', NULL, '', 1, NULL, NULL, '', 0),
(486, 185314140, 'FEBIOLA FIRSTNANDA DAW', NULL, '', 1, NULL, NULL, '', 0),
(487, 185314141, 'ALLYSA AMEIDYA SEKARANI', NULL, '', 1, NULL, NULL, '', 0),
(488, 185314142, 'DIMAS RESTU PAMUNGKAS', NULL, '', 1, NULL, NULL, '', 0),
(489, 185314143, 'HERMINA DAI WADAN', NULL, '', 1, NULL, NULL, '', 0),
(490, 185314144, 'ELFAN IOBINA VISKI PURBA', NULL, '', 1, NULL, NULL, '', 0),
(491, 185314145, 'PASKALIS MELONIUS MOLO', NULL, '', 1, NULL, NULL, '', 0),
(492, 185314146, 'KATHYCIA', NULL, '', 1, NULL, NULL, '', 0),
(493, 185314147, 'CHORNELIA CHRISENTYA DEVI', NULL, '', 1, NULL, NULL, '', 0);

-- --------------------------------------------------------

--
-- Table structure for table `makul`
--

CREATE TABLE `makul` (
  `idMakul` int(11) NOT NULL,
  `kodeMakul` varchar(255) NOT NULL,
  `tipeMakul` varchar(255) NOT NULL,
  `nama` varchar(255) NOT NULL,
  `tahun` varchar(255) NOT NULL,
  `semester` varchar(255) NOT NULL,
  `ruangan` varchar(255) NOT NULL,
  `kelas` varchar(255) NOT NULL,
  `kapasitas` varchar(255) NOT NULL
) ENGINE=InnoDB DEFAULT CHARSET=latin1;

--
-- Dumping data for table `makul`
--

INSERT INTO `makul` (`idMakul`, `kodeMakul`, `tipeMakul`, `nama`, `tahun`, `semester`, `ruangan`, `kelas`, `kapasitas`) VALUES
(1, '', '', 'Algorithm and Programming', '2017', 'GASAL', '', 'A', ''),
(2, '', '', 'Algoritma dan Pemrograman', '2017', 'GASAL', 'L.JK B FST', 'B', ''),
(3, '', '', 'Algoritma dan Pemrograman', '2017', 'GASAL', 'LKD.C FST', 'C', ''),
(4, '', '', 'Algoritma dan Pemrograman', '2017', 'GASAL', 'L.BD B FST', 'D', ''),
(5, '', '', 'Algoritma dan Pemrograman', '2017', 'GASAL', 'L.BD C FST', 'E', ''),
(6, '', '', 'Analisis Sosial', '2017', 'GASAL', 'K.207', 'A', ''),
(7, '', '', 'Analisis Sosial', '2017', 'GASAL', 'K.207', 'B', ''),
(8, '', '', 'Analisis Sosial', '2017', 'GASAL', 'K.204', 'C', ''),
(9, '', '', 'Bahasa Indonesia', '2017', 'GASAL', 'K.413', 'S', ''),
(10, '', '', 'Bahasa Inggris II', '2017', 'GASAL', 'K.204', 'A', ''),
(11, '', '', 'Bahasa Inggris II', '2017', 'GASAL', 'K.205', 'B', ''),
(12, '', '', 'Bahasa Inggris II', '2017', 'GASAL', 'K.204', 'C', ''),
(13, '', '', 'Bahasa Inggris II', '2017', 'GASAL', 'K.204', 'D', ''),
(14, '', '', 'Bahasa Inggris', '2017', 'GASAL', 'K.204', 'AD', ''),
(15, '', '', 'Bahasa Inggris', '2017', 'GASAL', 'K.204', 'AE', ''),
(16, '', '', 'Bahasa Inggris', '2017', 'GASAL', 'K.205', 'AF', ''),
(17, '', '', 'Bahasa Inggris', '2017', 'GASAL', 'K.207', 'M', ''),
(18, '', '', 'Bahasa Inggris', '2017', 'GASAL', 'K.204', 'X', '');

-- --------------------------------------------------------

--
-- Table structure for table `presensi`
--

CREATE TABLE `presensi` (
  `idPresensi` int(11) NOT NULL,
  `Nim` int(11) NOT NULL,
  `Nama` varchar(225) NOT NULL,
  `idMakul` int(11) NOT NULL,
  `idDosen` int(11) NOT NULL,
  `idRuangan` int(11) NOT NULL
) ENGINE=InnoDB DEFAULT CHARSET=latin1;

--
-- Dumping data for table `presensi`
--

INSERT INTO `presensi` (`idPresensi`, `Nim`, `Nama`, `idMakul`, `idDosen`, `idRuangan`) VALUES
(1, 175314001, 'STEVAN TIOVANDI', 1, 1, 1),
(2, 175314002, 'EDRICK HERNANDO', 1, 1, 1),
(3, 175314003, 'MARKUS PATRIK SEKAITELES', 1, 1, 1),
(4, 175314004, 'CHRISTOPHER MATTEW HERMAN', 1, 1, 1),
(5, 175314005, 'NICHOLAS WIMBARA', 1, 1, 1),
(6, 175314006, 'AYUNA ARMONICA', 1, 1, 1),
(7, 175314007, 'IGNATIUS RIKO RINALDI', 1, 1, 1),
(8, 175314009, 'CHRISTIAN WIBOWO TRINUGROHO', 1, 1, 1),
(9, 175314010, 'GERVASIUS TARUSMAN', 1, 1, 1),
(10, 175314011, 'DESHA VIRIYA KSANTI PURNOMO', 1, 1, 1),
(11, 175314012, 'PHILIPUS CHEVIN JOANITO MAGAT', 1, 1, 1),
(12, 175314013, 'ALBERTUS IVAN ADYATMA MAHESWARA', 1, 1, 1),
(13, 175314015, 'I GEDE DIPAYANA', 1, 1, 1),
(14, 175314016, 'RENDY EKO PRAYOGO', 1, 1, 1),
(15, 175314018, 'WIRYAWAN SETYA NUGROHO', 1, 1, 1),
(16, 175314019, 'REYN KEVIN KILA', 1, 1, 1),
(17, 175314020, 'TANDRIANTO KOKO GUNAWAN', 1, 1, 1),
(18, 175314021, 'FLORIANUS SURYA KEVIN', 1, 1, 1),
(19, 175314022, 'FX DONI WAHYU SB', 1, 1, 1),
(20, 175314023, 'FELIX PRIHANTORO', 1, 1, 1),
(21, 175314024, 'DEVIDA AURELIA YACOB', 1, 1, 1),
(22, 175314025, 'TANGGUH PURWOAGIL', 1, 1, 1),
(23, 175314026, 'IKHSANUDIN NUGRAHA', 1, 1, 1),
(24, 175314027, 'MICHAEL ALVIAN DANISH PRASOJO', 1, 1, 1),
(25, 175314028, 'WAHYU WIJANARKO', 1, 1, 1),
(26, 175314029, 'EZEKIEL JUAN FILIPPO CAPPI ARSYADI', 1, 1, 1),
(27, 175314030, 'FLAVIANA ABRIANI HALIM', 1, 1, 1),
(28, 145314091, 'YOSEP TEKI NUGROHO', 2, 2, 2),
(29, 145314092, 'YOHANES DICKY MAHENDRA', 2, 2, 2),
(30, 145314094, 'JUNANDUS SIJABAT', 2, 2, 2),
(31, 175314031, 'WIRA DINATA', 2, 2, 2),
(32, 175314032, 'GALIH PRASETYA JATI', 2, 2, 2),
(33, 175314033, 'RIVAN ANANDITYA PRADANA', 2, 2, 2),
(34, 175314034, 'REENA SIMANIHURUK', 2, 2, 2),
(35, 175314035, 'WIBOWO CAHYONO', 2, 2, 2),
(36, 175314036, 'NOVI FITRI', 2, 2, 2),
(37, 175314037, 'SAFIRA NURTANTIA WILOPOJATI', 2, 2, 2),
(38, 175314038, 'JOSE PEDRO FEBIAN', 2, 2, 2),
(39, 175314039, 'ANDRI PRASETYO WIBOWO', 2, 2, 2),
(40, 175314040, 'MARIA SIMPLISIA WEA LAJA', 2, 2, 2),
(41, 175314041, 'ADVENTUS DIO', 2, 2, 2),
(42, 175314042, 'DANIEL FREDERIK', 2, 2, 2),
(43, 175314043, 'MIKHAEL SURYA PUSPITA JAYA', 2, 2, 2),
(44, 175314044, 'YUSUP HARIS PURNOMO', 2, 2, 2),
(45, 175314045, 'JOSEPH RIANDY PRATAMA HUTAGALUNG', 2, 2, 2),
(46, 175314046, 'M.IKHSAN ABIMANYU', 2, 2, 2),
(47, 175314047, 'FRANCISCA INTAN BERTIN', 2, 2, 2),
(48, 175314048, 'RENELDIS PUTRI TANGGU', 2, 2, 2),
(49, 175314049, 'RIVALDI ATMA DHINATA SEMBIRING', 2, 2, 2),
(50, 175314050, 'ANDREAS ALDYANTO NURA', 2, 2, 2),
(51, 175314051, 'SENDHY JAYA RAHARJA', 2, 2, 2),
(52, 135314014, 'YOHANES AGUNG NUGROHO', 2, 3, 3),
(53, 135314045, 'STANISLAUS ADRIAN CHRISNAMURTI', 2, 3, 3),
(54, 175314052, 'AGUNG KRISTANTO', 2, 3, 3),
(55, 175314053, 'MARSELINUS BAGAS PRIMADITIA', 2, 3, 3),
(56, 175314054, 'GEORGIUS FEBRYAN PRADANA', 2, 3, 3),
(57, 175314055, 'CLARA ANGGITA AYU SETYANINGRUM', 2, 3, 3),
(58, 175314056, 'OKKY YODI DWI PURWANTO', 2, 3, 3),
(59, 175314057, 'VIINCENTIUS HENDRI KURNIAWAN', 2, 3, 3),
(60, 175314058, 'ZEFANYA DEVENDRA PUTRI NGGANGGUS', 2, 3, 3),
(61, 175314059, 'FRANSISCO DIAZ ATMARESTANTO', 2, 3, 3),
(62, 175314076, 'FRISKO ADRIAN', 2, 3, 3),
(63, 175314077, 'RICHARDUS ALGA ADMAJA', 2, 3, 3),
(64, 175314078, 'GUIDO DIKA FIRGUSTON', 2, 3, 3),
(65, 175314079, 'MADE ARIVANDEGA WARNAWAN', 2, 3, 3),
(66, 175314080, 'HIERONIMUS FREDY MORGAN', 2, 3, 3),
(67, 175314081, 'IGNATIUS BENNY CHRISTIAN', 2, 3, 3),
(68, 175314082, 'ALBERTUS SATRIO BAYUAJI', 2, 3, 3),
(69, 175314083, 'IDA BAGUS YUDISTIRA PRAMA PUTRA', 2, 3, 3),
(70, 175314102, 'AMELIA PARAMITA INDAH PAKARTI', 2, 3, 3),
(71, 175314103, 'SYELEN KRISNANDA', 2, 3, 3),
(72, 175314104, 'YEHEZKIEL PURNOMO AJI', 2, 3, 3),
(73, 175314105, 'KAREL ARISTO', 2, 3, 3),
(74, 175314106, 'SANDRA YOSEBA SIBI', 2, 3, 3),
(75, 175314107, 'OKTA VADINDA PUTRI', 2, 3, 3),
(76, 175314108, 'KRESENSIANA PRISKALIA', 2, 3, 3),
(77, 175314109, 'GAGAS SAMPURRANA DAYA HEDOH', 2, 3, 3),
(78, 135314105, 'AMY THEODOSIUS NAINGGOLAN', 2, 4, 4),
(79, 175314008, 'NIKOLAUS HOSEA', 2, 4, 4),
(80, 175314014, 'CHRISTIAN NARWASTU DELE', 2, 4, 4),
(81, 175314017, 'PANJI LIBERTY PRATAMA HUAN', 2, 4, 4),
(82, 175314060, 'ATANASIUS IVANNOEL RIO AJI', 2, 4, 4),
(83, 175314061, 'BERLIN RAVELINO HUGO PADANG', 2, 4, 4),
(84, 175314062, 'AROOM PUTRI ISWARI', 2, 4, 4),
(85, 175314063, 'RIO PRADANA', 2, 4, 4),
(86, 175314064, 'STANISLAUS INDRO KENAA TUKAN', 2, 4, 4),
(87, 175314065, 'SIGIT PAMUNGKAS', 2, 4, 4),
(88, 175314066, 'BIONDI ADHITYO PRABOWO', 2, 4, 4),
(89, 175314084, 'GABRIEL RYAN PRIMA ADETIKA', 2, 4, 4),
(90, 175314085, 'ALOYSIUS ADYTYA ENDRYANA PUTRA', 2, 4, 4),
(91, 175314086, 'ROBERTUS YULIANTO', 2, 4, 4),
(92, 175314087, 'ABRAM', 2, 4, 4),
(93, 175314088, 'HARNITA DWI OKTAVANI', 2, 4, 4),
(94, 175314089, 'ELLEINA RETRI WAHYU PUSPITASARI', 2, 4, 4),
(95, 175314090, 'MARTIN PARAMARTA', 2, 4, 4),
(96, 175314091, 'ALDY PAMUNGKAS', 2, 4, 4),
(97, 175314110, 'CLAUDHEA ZITA LEGINA', 2, 4, 4),
(98, 175314111, 'GREGORIUS BRYAN OSALDI', 2, 4, 4),
(99, 175314112, 'FANI TRI HARSONO', 2, 4, 4),
(100, 175314113, 'REYNALDI RAMADHANI', 2, 4, 4),
(101, 175314114, 'JUANITA LISANDA', 2, 4, 4),
(102, 175314115, 'PERDAMAIAN HIA', 2, 4, 4),
(103, 175314116, 'ROSA TIRANDA', 2, 4, 4),
(104, 175314117, 'KATRINA NI LUH ARIYANTINI', 2, 4, 4),
(105, 165314117, 'PAULUS LEONARDO SETIA PRABOWO', 2, 5, 5),
(106, 175314067, 'YOHANES KEVIN WIJAYA', 2, 5, 5),
(107, 175314068, 'YOSEF GANJAR WICAKSONO', 2, 5, 5),
(108, 175314069, 'ERLYN AVIANDRY', 2, 5, 5),
(109, 175314070, 'YOGA JUSTISIO HARLEAWAN', 2, 5, 5),
(110, 175314071, 'EFRIYANI W. TARIGAN', 2, 5, 5),
(111, 175314072, 'INGGRID JAHA', 2, 5, 5),
(112, 175314073, 'WISNU SETYAWAN', 2, 5, 5),
(113, 175314074, 'DIONISIUS NOVEN JUANDIKA BINTANG', 2, 5, 5),
(114, 175314075, 'RAFAEL PASOPATI KRISNADWIPAYANA', 2, 5, 5),
(115, 175314092, 'MAHENDRA AULIA RAHMAN', 2, 5, 5),
(116, 175314093, 'DAMARIO ADITAMA NAVYLIO', 2, 5, 5),
(117, 175314094, 'CHRISTOPHORUS ARLENDITO DANOR SAPUTRO', 2, 5, 5),
(118, 175314095, 'FRANSISKA ANNALISA CHRISTIANA HOLLY', 2, 5, 5),
(119, 175314096, 'AGUSTINUS HANDAYA AJITAMA', 2, 5, 5),
(120, 175314097, 'BENEDIKTUS RONY AGUNG KUSUMA', 2, 5, 5),
(121, 175314099, 'YOSSA ANDIKA LAKSANA', 2, 5, 5),
(122, 175314100, 'THOMAS CHRISTIAN WICAKSONO', 2, 5, 5),
(123, 175314101, 'ERWINSYAH RICO AGUSTA', 2, 5, 5),
(124, 175314118, 'TONI TUMPAL SIMANULLANG', 2, 5, 5),
(125, 175314119, 'JESSYCA NOFANTY HAHURY', 2, 5, 5),
(126, 175314120, 'SATRIO DANURDORO', 2, 5, 5),
(127, 175314121, 'RAMA EKA PUTRANTO', 2, 5, 5),
(128, 175314122, 'AMELIA PUTRI CENDRAKASIH', 2, 5, 5),
(129, 175314123, 'KATARINA HARYANINGTYAS', 2, 5, 5),
(130, 175314124, 'FRANSISKA APRI WULANDARI', 2, 5, 5),
(131, 175314125, 'ARNOLDUS JANSSEN YUFIANTO', 2, 5, 5),
(132, 175314126, 'THOMAS DANI KURNIAWAN', 2, 5, 5),
(133, 175314127, 'ALEXANDER ADAM BAGASKARA', 2, 5, 5),
(134, 125314033, 'ARLEANDO MANGARA SIAGIAN', 6, 6, 6),
(135, 125314092, 'LAURENSIUS ANDIKA NOVEMBRI', 6, 6, 6),
(136, 145314015, 'ANGELA RINTAN NIRMALASINTA', 6, 6, 6),
(137, 145314055, 'CHRISTO TRI ADI KARA TJAHYA ALAM', 6, 6, 6),
(138, 155314002, 'ASIH SULISTYANI', 6, 6, 6),
(139, 155314009, 'JAVA SINDHARA', 6, 6, 6),
(140, 155314015, 'GERALDEV MANOAH', 6, 6, 6),
(141, 155314024, 'OSMOND GIOVANNI INDYAPUTRA', 6, 6, 6),
(142, 155314025, 'AGENDA YUDHA SAMUDRA', 6, 6, 6),
(143, 155314026, 'CHRISTIAN CAROLUS BAGAS PRADANA', 6, 6, 6),
(144, 155314033, 'GREGORIUS BIMA KHARISMA WICAKSANA', 6, 6, 6),
(145, 155314036, 'ANDITIO KURNIA WIJAYA', 6, 6, 6),
(146, 155314040, 'YULIUS ELFRISA DESANCOKO', 6, 6, 6),
(147, 155314043, 'IGNASIUS GAYOH ADI JAYA', 6, 6, 6),
(148, 155314044, 'YOSAFAT WILLY CHRISTIAN', 6, 6, 6),
(149, 155314046, 'FELLIA FEBRIANI', 6, 6, 6),
(150, 155314049, 'SALVATORE KIDUNG SIMADANU', 6, 6, 6),
(151, 155314050, 'BILY LESMANA', 6, 6, 6),
(152, 155314055, 'YOHANES PUTRANTO SURYO KUSUMO', 6, 6, 6),
(153, 155314060, 'PETRUS AGUNG WICAKSANA ENJANG GUMELAR', 6, 6, 6),
(154, 155314062, 'JERI FERDIANO', 6, 6, 6),
(155, 155314067, 'MEGA ANINDITA', 6, 6, 6),
(156, 155314074, 'RENTAH ASIH GALUH DEBORA ISSADHA', 6, 6, 6),
(157, 155314075, 'ANDREAS KEVIN FEBIANTO', 6, 6, 6),
(158, 155314097, 'TIMOTIUS AQUINO FEBRI WIDYASETYANTO', 6, 6, 6),
(159, 155314106, 'LEONARDUS PITER MAHENDRA', 6, 6, 6),
(160, 155314108, 'PAULUS BREMA HUTAGALUNG', 6, 6, 6),
(161, 155314110, 'JULIANA ENGELINA MANULLANG', 6, 6, 6),
(162, 155314007, 'YESY MAYANG SARI', 6, 6, 6),
(163, 155314008, 'ADRES KUSUMAWARDHANA', 6, 6, 6),
(164, 155314012, 'MIKHA ADMAWIJAYA', 6, 6, 6),
(165, 155314013, 'LAYUNG INDRA APRILIA', 6, 6, 6),
(166, 155314017, 'ALBERTHUS PRAMUDITO PUTRA BERNANTO', 6, 6, 6),
(167, 155314019, 'STANISLAUS RAFAEL BHAYU NUGROHO WIJANARKO', 6, 6, 6),
(168, 155314020, 'DIONISIUS TAUFAN ENGGAR INDRAJAYA', 6, 6, 6),
(169, 155314023, 'OKTAVIANUS ZENGGI SURYA PUTRANJAYA', 6, 6, 6),
(170, 155314027, 'PETER GIGIH TRIMULYO HADI', 6, 6, 6),
(171, 155314028, 'YUNUS IHSAN SETYAWAN', 6, 6, 6),
(172, 155314031, 'ANDREAS FEBRIANTO', 6, 6, 6),
(173, 155314038, 'MARTINUS TRI NUR CAHYONO', 6, 6, 6),
(174, 155314042, 'ANINDYA SABRINA PANGESTI', 6, 6, 6),
(175, 155314045, 'MONICA RINDA CHRISTANTO', 6, 6, 6),
(176, 155314047, 'NOVRI KARYADI SAHPUTRA', 6, 6, 6),
(177, 155314054, 'NATALIA AMBARWATI', 6, 6, 6),
(178, 155314063, 'NANDIEL DESEA ANDANA', 6, 6, 6),
(179, 155314076, 'DAVID PRASETYA ADI', 6, 6, 6),
(180, 155314078, 'JOEVIAN CAESARIO JUHARDI', 6, 6, 6),
(181, 155314091, 'ANINDIA ADYUTAWATI NUGRAHENI', 6, 6, 6),
(182, 155314092, 'LENDRA RIADY', 6, 6, 6),
(183, 155314094, 'JOSHUA BOANERGES TAMPI', 6, 6, 6),
(184, 155314095, 'YOHANES ADI PURNOMO BATLAYERI', 6, 6, 6),
(185, 155314100, 'RISKY SIMAREMARE', 6, 6, 6),
(186, 155314101, 'CAHYA WICAKSANA', 6, 6, 6),
(187, 155314102, 'SEBASTIANUS RECZY.S', 6, 6, 6),
(188, 155314103, 'RUTH HANSELIANI', 6, 6, 6),
(189, 155314104, 'RENALDI', 6, 6, 6),
(190, 155314105, 'ARVIN ADITAMA SANTOSO', 6, 6, 6),
(191, 155314107, 'CLEMENT ABRAHAM SIDOMULYO', 6, 6, 6),
(192, 155314109, 'ELFRIDA AFENTRI MANURUNG', 6, 6, 6),
(193, 155314113, 'GISKA CLAUDIA SINULINGGA', 6, 6, 6),
(194, 155314121, 'REDY RENNO IRIANTO', 6, 6, 6),
(195, 155314122, 'GRASFIKA APRIANI SIHITE', 6, 6, 6),
(196, 155314123, 'BALTASAR YANUARIUS S. SUDJONO', 6, 6, 6),
(197, 155314124, 'MARIA CHRISTIN SIMANJUNTAK', 6, 6, 6),
(198, 155314125, 'JAN WILLIAM SIANTURI', 6, 6, 6),
(199, 155314126, 'YERNI MEI SULASTRI BAPTISTA SITORUS', 6, 6, 6),
(200, 155314003, 'PRADHIKA DWI YULDANIA', 6, 7, 7),
(201, 155314004, 'YOHANA MUSTIKA RINJANI PUTRI', 6, 7, 7),
(202, 155314005, 'NOVA NIATI', 6, 7, 7),
(203, 155314014, 'EVANDER JULIANSYAH H', 6, 7, 7),
(204, 155314021, 'WENTRI FEBRIASIE', 6, 7, 7),
(205, 155314022, 'WINDI TRI APRILIANI', 6, 7, 7),
(206, 155314030, 'MARIA DAMAYANTI', 6, 7, 7),
(207, 155314035, 'MARIA REGINA CELISETYAWATI', 6, 7, 7),
(208, 155314037, 'ROBERTUS GARIN PERMANA', 6, 7, 7),
(209, 155314048, 'YASINTHA PUTERI LARASATI', 6, 7, 7),
(210, 155314051, 'RIRIN DWI WIJAYANTI', 6, 7, 7),
(211, 155314052, 'ANDREA SETYA DEWA', 6, 7, 7),
(212, 155314053, 'STEFANUS DWI RIARTO', 6, 7, 7),
(213, 155314058, 'THEODULUS TITHO', 6, 7, 7),
(214, 155314061, 'GALIH SUPRAYOGO', 6, 7, 7),
(215, 155314068, 'TUBAGUS RENDY SURYA NEGARA IBNU RAHMAT KARTAWIJAYA', 6, 7, 7),
(216, 155314072, 'MARIO AGUSTORIUS LIODA GHETA SEDA', 6, 7, 7),
(217, 155314073, 'BASTIAN CHANDRA KUSUMA', 6, 7, 7),
(218, 155314077, 'ORNANDO TRIHANDARU SETIAJI', 6, 7, 7),
(219, 155314082, 'ANDREAS CHRISANTO LALO NUSA', 6, 7, 7),
(220, 155314083, 'KALORINDA', 6, 7, 7),
(221, 155314084, 'THEO BUANA PONGSUMARRE', 6, 7, 7),
(222, 155314085, 'VINCENTIUS BAYU FAJAR KURNIAWAN', 6, 7, 7),
(223, 155314086, 'Y. ADVENSIUS PUTRA PAMUNGKAS', 6, 7, 7),
(224, 155314088, 'VENTYA FERNITHA', 6, 7, 7),
(225, 155314089, 'GHERALDO SARANGNGA\' BENDON', 6, 7, 7),
(226, 155314090, 'REINARDUS AJI HARISTU', 6, 7, 7),
(227, 155314099, 'SULISTYO ATMOJO', 6, 7, 7),
(228, 155314112, 'IMANUEL MOSES SETYARTANTYA', 6, 7, 7),
(229, 155314114, 'BAGAS AJI WICAKSONO', 6, 7, 7),
(230, 155314115, 'CLARA MARIA DE ROSARIO TAEK', 6, 7, 7),
(231, 155314116, 'GRACE MARSELA HILDA PATTINAMA', 6, 7, 7),
(232, 155314117, 'GREGORIUS MAGNUS MEGA SANJAYA', 6, 7, 7),
(233, 155314118, 'ABRAHAM LOEDWIJCK', 6, 7, 7),
(234, 155314120, 'KARAN AGUS PUTERA', 6, 7, 7),
(235, 125314087, 'ROBERTUS ALLAN PRADITYA', 9, 8, 8),
(236, 125314134, 'FAJAR SETYONO', 10, 9, 9),
(237, 155314088, 'VENTYA FERNITHA', 10, 9, 9),
(238, 155314089, 'GHERALDO SARANGNGA\' BENDON', 10, 9, 9),
(239, 155314092, 'LENDRA RIADY', 10, 9, 9),
(240, 155314094, 'JOSHUA BOANERGES TAMPI', 10, 9, 9),
(241, 155314095, 'YOHANES ADI PURNOMO BATLAYERI', 10, 9, 9),
(242, 155314100, 'RISKY SIMAREMARE', 10, 9, 9),
(243, 155314104, 'RENALDI', 10, 9, 9),
(244, 155314106, 'LEONARDUS PITER MAHENDRA', 10, 9, 9),
(245, 155314108, 'PAULUS BREMA HUTAGALUNG', 10, 9, 9),
(246, 155314109, 'ELFRIDA AFENTRI MANURUNG', 10, 9, 9),
(247, 155314114, 'BAGAS AJI WICAKSONO', 10, 9, 9),
(248, 155314115, 'CLARA MARIA DE ROSARIO TAEK', 10, 9, 9),
(249, 155314122, 'GRASFIKA APRIANI SIHITE', 10, 9, 9),
(250, 125314129, 'FEBRY RHENALDY', 10, 10, 10),
(251, 145314079, 'GUNTUR AJI PAMUNGKAS', 10, 10, 10),
(252, 145314085, 'BAGAS TRI JUNIANTO', 10, 10, 10),
(253, 145314094, 'JUNANDUS SIJABAT', 10, 10, 10),
(254, 155314008, 'ADRES KUSUMAWARDHANA', 10, 10, 10),
(255, 155314017, 'ALBERTHUS PRAMUDITO PUTRA BERNANTO', 10, 10, 10),
(256, 155314023, 'OKTAVIANUS ZENGGI SURYA PUTRANJAYA', 10, 10, 10),
(257, 155314031, 'ANDREAS FEBRIANTO', 10, 10, 10),
(258, 155314042, 'ANINDYA SABRINA PANGESTI', 10, 10, 10),
(259, 155314045, 'MONICA RINDA CHRISTANTO', 10, 10, 10),
(260, 155314046, 'FELLIA FEBRIANI', 10, 10, 10),
(261, 155314048, 'YASINTHA PUTERI LARASATI', 10, 10, 10),
(262, 155314049, 'SALVATORE KIDUNG SIMADANU', 10, 10, 10),
(263, 155314054, 'NATALIA AMBARWATI', 10, 10, 10),
(264, 155314055, 'YOHANES PUTRANTO SURYO KUSUMO', 10, 10, 10),
(265, 155314067, 'MEGA ANINDITA', 10, 10, 10),
(266, 155314076, 'DAVID PRASETYA ADI', 10, 10, 10),
(267, 155314007, 'YESY MAYANG SARI', 10, 9, 9),
(268, 155314013, 'LAYUNG INDRA APRILIA', 10, 9, 9),
(269, 155314020, 'DIONISIUS TAUFAN ENGGAR INDRAJAYA', 10, 9, 9),
(270, 155314027, 'PETER GIGIH TRIMULYO HADI', 10, 9, 9),
(271, 155314028, 'YUNUS IHSAN SETYAWAN', 10, 9, 9),
(272, 155314030, 'MARIA DAMAYANTI', 10, 9, 9),
(273, 155314038, 'MARTINUS TRI NUR CAHYONO', 10, 9, 9),
(274, 155314053, 'STEFANUS DWI RIARTO', 10, 9, 9),
(275, 155314082, 'ANDREAS CHRISANTO LALO NUSA', 10, 9, 9),
(276, 155314084, 'THEO BUANA PONGSUMARRE', 10, 9, 9),
(277, 155314091, 'ANINDIA ADYUTAWATI NUGRAHENI', 10, 9, 9),
(278, 155314101, 'CAHYA WICAKSANA', 10, 9, 9),
(279, 155314103, 'RUTH HANSELIANI', 10, 9, 9),
(280, 155314113, 'GISKA CLAUDIA SINULINGGA', 10, 9, 9),
(281, 155314118, 'ABRAHAM LOEDWIJCK', 10, 9, 9),
(282, 155314124, 'MARIA CHRISTIN SIMANJUNTAK', 10, 9, 9),
(283, 155314126, 'YERNI MEI SULASTRI BAPTISTA SITORUS', 10, 9, 9),
(284, 145314011, 'VINSENSIUS VERDIANTO PUTRA', 10, 11, 9),
(285, 145314069, 'SAMBAYU KRIS ANTONI', 10, 11, 9),
(286, 155314002, 'ASIH SULISTYANI', 10, 11, 9),
(287, 155314003, 'PRADHIKA DWI YULDANIA', 10, 11, 9),
(288, 155314004, 'YOHANA MUSTIKA RINJANI PUTRI', 10, 11, 9),
(289, 155314005, 'NOVA NIATI', 10, 11, 9),
(290, 155314012, 'MIKHA ADMAWIJAYA', 10, 11, 9),
(291, 155314014, 'EVANDER JULIANSYAH H', 10, 11, 9),
(292, 155314015, 'GERALDEV MANOAH', 10, 11, 9),
(293, 155314021, 'WENTRI FEBRIASIE', 10, 11, 9),
(294, 155314022, 'WINDI TRI APRILIANI', 10, 11, 9),
(295, 155314025, 'AGENDA YUDHA SAMUDRA', 10, 11, 9),
(296, 155314026, 'CHRISTIAN CAROLUS BAGAS PRADANA', 10, 11, 9),
(297, 155314033, 'GREGORIUS BIMA KHARISMA WICAKSANA', 10, 11, 9),
(298, 155314035, 'MARIA REGINA CELISETYAWATI', 10, 11, 9),
(299, 155314036, 'ANDITIO KURNIA WIJAYA', 10, 11, 9),
(300, 155314037, 'ROBERTUS GARIN PERMANA', 10, 11, 9),
(301, 155314040, 'YULIUS ELFRISA DESANCOKO', 10, 11, 9),
(302, 155314051, 'RIRIN DWI WIJAYANTI', 10, 11, 9),
(303, 155314083, 'KALORINDA', 10, 11, 9),
(304, 155314090, 'REINARDUS AJI HARISTU', 10, 11, 9),
(305, 155314097, 'TIMOTIUS AQUINO FEBRI WIDYASETYANTO', 10, 11, 9),
(306, 155314099, 'SULISTYO ATMOJO', 10, 11, 9),
(307, 155314102, 'SEBASTIANUS RECZY.S', 10, 11, 9),
(308, 155314110, 'JULIANA ENGELINA MANULLANG', 10, 11, 9),
(309, 155314117, 'GREGORIUS MAGNUS MEGA SANJAYA', 10, 11, 9),
(310, 155314123, 'BALTASAR YANUARIUS S. SUDJONO', 10, 11, 9),
(311, 165314119, 'CHARLES PERPETUA EBU BHEGE', 14, 12, 11),
(312, 175314001, 'STEVAN TIOVANDI', 14, 12, 11),
(313, 175314002, 'EDRICK HERNANDO', 14, 12, 11),
(314, 175314003, 'MARKUS PATRIK SEKAITELES', 14, 12, 11),
(315, 175314004, 'CHRISTOPHER MATTEW HERMAN', 14, 12, 11),
(316, 175314005, 'NICHOLAS WIMBARA', 14, 12, 11),
(317, 175314006, 'AYUNA ARMONICA', 14, 12, 11),
(318, 175314007, 'IGNATIUS RIKO RINALDI', 14, 12, 11),
(319, 175314008, 'NIKOLAUS HOSEA', 14, 12, 11),
(320, 175314009, 'CHRISTIAN WIBOWO TRINUGROHO', 14, 12, 11),
(321, 175314010, 'GERVASIUS TARUSMAN', 14, 12, 11),
(322, 175314011, 'DESHA VIRIYA KSANTI PURNOMO', 14, 12, 11),
(323, 175314012, 'PHILIPUS CHEVIN JOANITO MAGAT', 14, 12, 11),
(324, 175314013, 'ALBERTUS IVAN ADYATMA MAHESWARA', 14, 12, 11),
(325, 175314014, 'CHRISTIAN NARWASTU DELE', 14, 12, 11),
(326, 175314015, 'I GEDE DIPAYANA', 14, 12, 11),
(327, 175314016, 'RENDY EKO PRAYOGO', 14, 12, 11),
(328, 175314017, 'PANJI LIBERTY PRATAMA HUAN', 14, 12, 11),
(329, 175314018, 'WIRYAWAN SETYA NUGROHO', 14, 12, 11),
(330, 175314019, 'REYN KEVIN KILA', 14, 12, 11),
(331, 175314020, 'TANDRIANTO KOKO GUNAWAN', 14, 12, 11),
(332, 175314021, 'FLORIANUS SURYA KEVIN', 14, 12, 11),
(333, 175314022, 'FX DONI WAHYU SB', 14, 12, 11),
(334, 175314023, 'FELIX PRIHANTORO', 14, 12, 11),
(335, 175314024, 'DEVIDA AURELIA YACOB', 14, 12, 11),
(336, 175314025, 'TANGGUH PURWOAGIL', 14, 12, 11),
(337, 175314026, 'IKHSANUDIN NUGRAHA', 14, 12, 11),
(338, 175314027, 'MICHAEL ALVIAN DANISH PRASOJO', 14, 12, 11),
(339, 175314028, 'WAHYU WIJANARKO', 14, 12, 11),
(340, 175314029, 'EZEKIEL JUAN FILIPPO CAPPI ARSYADI', 14, 12, 11),
(341, 175314030, 'FLAVIANA ABRIANI HALIM', 14, 12, 11),
(342, 135314115, 'ENGELMUNDUS ALDI PRATAMA', 14, 12, 11),
(343, 165314096, 'CLAUDEO DANAR LUKMANTO', 14, 12, 11),
(344, 175314031, 'WIRA DINATA', 14, 12, 11),
(345, 175314032, 'GALIH PRASETYA JATI', 14, 12, 11),
(346, 175314033, 'RIVAN ANANDITYA PRADANA', 14, 12, 11),
(347, 175314034, 'REENA SIMANIHURUK', 14, 12, 11),
(348, 175314035, 'WIBOWO CAHYONO', 14, 12, 11),
(349, 175314036, 'NOVI FITRI', 14, 12, 11),
(350, 175314037, 'SAFIRA NURTANTIA WILOPOJATI', 14, 12, 11),
(351, 175314038, 'JOSE PEDRO FEBIAN', 14, 12, 11),
(352, 175314039, 'ANDRI PRASETYO WIBOWO', 14, 12, 11),
(353, 175314040, 'MARIA SIMPLISIA WEA LAJA', 14, 12, 11),
(354, 175314041, 'ADVENTUS DIO', 14, 12, 11),
(355, 175314042, 'DANIEL FREDERIK', 14, 12, 11),
(356, 175314043, 'MIKHAEL SURYA PUSPITA JAYA', 14, 12, 11),
(357, 175314044, 'YUSUP HARIS PURNOMO', 14, 12, 11),
(358, 175314045, 'JOSEPH RIANDY PRATAMA HUTAGALUNG', 14, 12, 11),
(359, 175314046, 'M.IKHSAN ABIMANYU', 14, 12, 11),
(360, 175314047, 'FRANCISCA INTAN BERTIN', 14, 12, 11),
(361, 175314048, 'RENELDIS PUTRI TANGGU', 14, 12, 11),
(362, 175314049, 'RIVALDI ATMA DHINATA SEMBIRING', 14, 12, 11),
(363, 175314050, 'ANDREAS ALDYANTO NURA', 14, 12, 11),
(364, 175314051, 'SENDHY JAYA RAHARJA', 14, 12, 11),
(365, 175314052, 'AGUNG KRISTANTO', 14, 13, 12),
(366, 175314053, 'MARSELINUS BAGAS PRIMADITIA', 14, 13, 12),
(367, 175314054, 'GEORGIUS FEBRYAN PRADANA', 14, 13, 12),
(368, 175314055, 'CLARA ANGGITA AYU SETYANINGRUM', 14, 13, 12),
(369, 175314056, 'OKKY YODI DWI PURWANTO', 14, 13, 12),
(370, 175314057, 'VIINCENTIUS HENDRI KURNIAWAN', 14, 13, 12),
(371, 175314058, 'ZEFANYA DEVENDRA PUTRI NGGANGGUS', 14, 13, 12),
(372, 175314059, 'FRANSISCO DIAZ ATMARESTANTO', 14, 13, 12),
(373, 175314076, 'FRISKO ADRIAN', 14, 13, 12),
(374, 175314077, 'RICHARDUS ALGA ADMAJA', 14, 13, 12),
(375, 175314078, 'GUIDO DIKA FIRGUSTON', 14, 13, 12),
(376, 175314079, 'MADE ARIVANDEGA WARNAWAN', 14, 13, 12),
(377, 175314080, 'HIERONIMUS FREDY MORGAN', 14, 13, 12),
(378, 175314081, 'IGNATIUS BENNY CHRISTIAN', 14, 13, 12),
(379, 175314082, 'ALBERTUS SATRIO BAYUAJI', 14, 13, 12),
(380, 175314083, 'IDA BAGUS YUDISTIRA PRAMA PUTRA', 14, 13, 12),
(381, 175314102, 'AMELIA PARAMITA INDAH PAKARTI', 14, 13, 12),
(382, 175314103, 'SYELEN KRISNANDA', 14, 13, 12),
(383, 175314104, 'YEHEZKIEL PURNOMO AJI', 14, 13, 12),
(384, 175314105, 'KAREL ARISTO', 14, 13, 12),
(385, 175314106, 'SANDRA YOSEBA SIBI', 14, 13, 12),
(386, 175314107, 'OKTA VADINDA PUTRI', 14, 13, 12),
(387, 175314108, 'KRESENSIANA PRISKALIA', 14, 13, 12),
(388, 175314109, 'GAGAS SAMPURRANA DAYA HEDOH', 14, 13, 12),
(389, 175314060, 'ATANASIUS IVANNOEL RIO AJI', 14, 14, 13),
(390, 175314061, 'BERLIN RAVELINO HUGO PADANG', 14, 14, 13),
(391, 175314062, 'AROOM PUTRI ISWARI', 14, 14, 13),
(392, 175314063, 'RIO PRADANA', 14, 14, 13),
(393, 175314064, 'STANISLAUS INDRO KENAA TUKAN', 14, 14, 13),
(394, 175314065, 'SIGIT PAMUNGKAS', 14, 14, 13),
(395, 175314066, 'BIONDI ADHITYO PRABOWO', 14, 14, 13),
(396, 175314084, 'GABRIEL RYAN PRIMA ADETIKA', 14, 14, 13),
(397, 175314085, 'ALOYSIUS ADYTYA ENDRYANA PUTRA', 14, 14, 13),
(398, 175314086, 'ROBERTUS YULIANTO', 14, 14, 13),
(399, 175314087, 'ABRAM', 14, 14, 13),
(400, 175314088, 'HARNITA DWI OKTAVANI', 14, 14, 13),
(401, 175314089, 'ELLEINA RETRI WAHYU PUSPITASARI', 14, 14, 13),
(402, 175314090, 'MARTIN PARAMARTA', 14, 14, 13),
(403, 175314091, 'ALDY PAMUNGKAS', 14, 14, 13),
(404, 175314110, 'CLAUDHEA ZITA LEGINA', 14, 14, 13),
(405, 175314111, 'GREGORIUS BRYAN OSALDI', 14, 14, 13),
(406, 175314112, 'FANI TRI HARSONO', 14, 14, 13),
(407, 175314113, 'REYNALDI RAMADHANI', 14, 14, 13),
(408, 175314114, 'JUANITA LISANDA', 14, 14, 13),
(409, 175314115, 'PERDAMAIAN HIA', 14, 14, 13),
(410, 175314116, 'ROSA TIRANDA', 14, 14, 13),
(411, 175314117, 'KATRINA NI LUH ARIYANTINI', 14, 14, 13),
(412, 175314067, 'YOHANES KEVIN WIJAYA', 14, 15, 11),
(413, 175314068, 'YOSEF GANJAR WICAKSONO', 14, 15, 11),
(414, 175314069, 'ERLYN AVIANDRY', 14, 15, 11),
(415, 175314070, 'YOGA JUSTISIO HARLEAWAN', 14, 15, 11),
(416, 175314071, 'EFRIYANI W. TARIGAN', 14, 15, 11),
(417, 175314072, 'INGGRID JAHA', 14, 15, 11),
(418, 175314073, 'WISNU SETYAWAN', 14, 15, 11),
(419, 175314074, 'DIONISIUS NOVEN JUANDIKA BINTANG', 14, 15, 11),
(420, 175314075, 'RAFAEL PASOPATI KRISNADWIPAYANA', 14, 15, 11),
(421, 175314092, 'MAHENDRA AULIA RAHMAN', 14, 15, 11),
(422, 175314093, 'DAMARIO ADITAMA NAVYLIO', 14, 15, 11),
(423, 175314094, 'CHRISTOPHORUS ARLENDITO DANOR SAPUTRO', 14, 15, 11),
(424, 175314095, 'FRANSISKA ANNALISA CHRISTIANA HOLLY', 14, 15, 11),
(425, 175314096, 'AGUSTINUS HANDAYA AJITAMA', 14, 15, 11),
(426, 175314097, 'BENEDIKTUS RONY AGUNG KUSUMA', 14, 15, 11),
(427, 175314099, 'YOSSA ANDIKA LAKSANA', 14, 15, 11),
(428, 175314100, 'THOMAS CHRISTIAN WICAKSONO', 14, 15, 11),
(429, 175314101, 'ERWINSYAH RICO AGUSTA', 14, 15, 11),
(430, 175314118, 'TONI TUMPAL SIMANULLANG', 14, 15, 11),
(431, 175314119, 'JESSYCA NOFANTY HAHURY', 14, 15, 11),
(432, 175314120, 'SATRIO DANURDORO', 14, 15, 11),
(433, 175314121, 'RAMA EKA PUTRANTO', 14, 15, 11),
(434, 175314122, 'AMELIA PUTRI CENDRAKASIH', 14, 15, 11),
(435, 175314123, 'KATARINA HARYANINGTYAS', 14, 15, 11),
(436, 175314124, 'FRANSISKA APRI WULANDARI', 14, 15, 11),
(437, 175314125, 'ARNOLDUS JANSSEN YUFIANTO', 14, 15, 11),
(438, 175314126, 'THOMAS DANI KURNIAWAN', 14, 15, 11),
(439, 175314127, 'ALEXANDER ADAM BAGASKARA', 14, 15, 11);

-- --------------------------------------------------------

--
-- Table structure for table `ruangan`
--

CREATE TABLE `ruangan` (
  `idRuangan` int(11) NOT NULL,
  `nama` varchar(255) NOT NULL,
  `makul` varchar(255) NOT NULL,
  `hari` varchar(255) NOT NULL,
  `jam` varchar(255) NOT NULL
) ENGINE=InnoDB DEFAULT CHARSET=latin1;

--
-- Dumping data for table `ruangan`
--

INSERT INTO `ruangan` (`idRuangan`, `nama`, `makul`, `hari`, `jam`) VALUES
(1, '', '1', 'Selasa', '07:00 09:50'),
(2, 'L.JK B FST', '2', 'Selasa', '07:00 09:50'),
(3, 'LKD.C FST', '2', 'Selasa', '07:00 09:50'),
(4, 'L.BD B FST', '2', 'Selasa', '07:00 09:50'),
(5, 'L.BD C FST', '2', 'Selasa', '07:00 09:50'),
(6, 'K.207', '6', 'Kamis', '09:00 10:50'),
(7, 'K.204', '6', 'Kamis', '11:00 12:50'),
(8, 'K.413', '9', 'Senin', '15:00 17:50'),
(9, 'K.204', '10', 'Selasa', '09:00 10:50'),
(10, 'K.205', '10', 'Selasa', '09:00 10:50'),
(11, 'K.204', '14', 'Selasa', '11:00 13:50'),
(12, 'K.205', '14', 'Rabu', '13:00 15:50'),
(13, 'K.207', '14', 'Jumat', '07:00 09:50');

--
-- Indexes for dumped tables
--

--
-- Indexes for table `dosen`
--
ALTER TABLE `dosen`
  ADD PRIMARY KEY (`idDosen`);

--
-- Indexes for table `mahasiswa`
--
ALTER TABLE `mahasiswa`
  ADD PRIMARY KEY (`idMahasiswa`);

--
-- Indexes for table `makul`
--
ALTER TABLE `makul`
  ADD PRIMARY KEY (`idMakul`);

--
-- Indexes for table `presensi`
--
ALTER TABLE `presensi`
  ADD PRIMARY KEY (`idPresensi`);

--
-- Indexes for table `ruangan`
--
ALTER TABLE `ruangan`
  ADD PRIMARY KEY (`idRuangan`);

--
-- AUTO_INCREMENT for dumped tables
--

--
-- AUTO_INCREMENT for table `dosen`
--
ALTER TABLE `dosen`
  MODIFY `idDosen` int(11) NOT NULL AUTO_INCREMENT, AUTO_INCREMENT=16;

--
-- AUTO_INCREMENT for table `mahasiswa`
--
ALTER TABLE `mahasiswa`
  MODIFY `idMahasiswa` int(11) NOT NULL AUTO_INCREMENT, AUTO_INCREMENT=494;

--
-- AUTO_INCREMENT for table `makul`
--
ALTER TABLE `makul`
  MODIFY `idMakul` int(11) NOT NULL AUTO_INCREMENT, AUTO_INCREMENT=19;

--
-- AUTO_INCREMENT for table `presensi`
--
ALTER TABLE `presensi`
  MODIFY `idPresensi` int(11) NOT NULL AUTO_INCREMENT, AUTO_INCREMENT=440;

--
-- AUTO_INCREMENT for table `ruangan`
--
ALTER TABLE `ruangan`
  MODIFY `idRuangan` int(11) NOT NULL AUTO_INCREMENT, AUTO_INCREMENT=14;
COMMIT;

/*!40101 SET CHARACTER_SET_CLIENT=@OLD_CHARACTER_SET_CLIENT */;
/*!40101 SET CHARACTER_SET_RESULTS=@OLD_CHARACTER_SET_RESULTS */;
/*!40101 SET COLLATION_CONNECTION=@OLD_COLLATION_CONNECTION */;
