-- phpMyAdmin SQL Dump
-- version 4.9.5
-- https://www.phpmyadmin.net/
--
-- Host: 127.0.0.1
-- Generation Time: Jul 23, 2020 at 09:27 AM
-- Server version: 10.1.32-MariaDB
-- PHP Version: 7.2.5

SET SQL_MODE = "NO_AUTO_VALUE_ON_ZERO";
SET AUTOCOMMIT = 0;
START TRANSACTION;
SET time_zone = "+00:00";


/*!40101 SET @OLD_CHARACTER_SET_CLIENT=@@CHARACTER_SET_CLIENT */;
/*!40101 SET @OLD_CHARACTER_SET_RESULTS=@@CHARACTER_SET_RESULTS */;
/*!40101 SET @OLD_COLLATION_CONNECTION=@@COLLATION_CONNECTION */;
/*!40101 SET NAMES utf8mb4 */;

--
-- Database: `informatika`
--

-- --------------------------------------------------------

--
-- Table structure for table `dosen`
--

CREATE TABLE `dosen` (
  `idDosen` int(11) NOT NULL,
  `nip` varchar(255) NOT NULL,
  `nama` varchar(255) NOT NULL
) ENGINE=InnoDB DEFAULT CHARSET=latin1;

--
-- Dumping data for table `dosen`
--

INSERT INTO `dosen` (`idDosen`, `nip`, `nama`) VALUES
(1, 'P.2413', 'Febi Sanjaya M.Sc.'),
(2, 'P.1193', 'Drs. Johanes Eka Priyatma M.Sc., Ph.D.'),
(3, 'P.1507', 'Henricus Agung Hernawan S.T., M.Kom.'),
(4, 'P.2053', 'Alb. Agung Hadhiatma M.T.'),
(5, 'P.2467', 'Eduardus Hardika Sandy Atmaja S.Kom., M.Cs.'),
(6, 'P.1365', 'Dr. Anastasia Rita Widiarti'),
(7, 'P.1380', 'Drs. Silverio Raden Lilik Aji Sampurno M.Hum.'),
(8, 'T.991603', 'Emmanuel Satyo Yuwono S.Psi., M.Hum.'),
(9, 'T.991244', 'Drs. Kartono M.Hum.'),
(10, 'T.991736', 'Martina Winarni Ekaningsih S.Pd.'),
(11, 'T.991164', 'Diana Christanti S.Pd.'),
(12, 'T.991755', 'Agatha Pepy Yerinta M.Hum.'),
(13, 'T.991203', 'Cicilia Dwi Setyorini S.Pd.'),
(14, 'T.991760', 'Angela Bayu Pertama Sari M.Pd.'),
(15, 'T.991679', 'Catharina Brameswari S.Pd., M.Hum.'),
(16, 'P.2449', 'Elisabeth Oseanita Pukan S.S., M.A.'),
(17, 'P.1442', 'Maria Vianney Any Herawati M.Si.'),
(18, 'P.1669', 'Eko Hari Parmadi S.Si., M.Kom.'),
(19, 'P.2096', 'Puspaningtyas Sanjoyo Adi S.T., M.T.'),
(20, 'P.2083', 'Drs. Haris Sriwindono M.Kom'),
(21, 'P.1473', 'Agnes Maria Polina S.Kom., M.Sc.'),
(22, 'P.1446', 'Paulina Heruningsih Prima Rosa M.Sc.'),
(23, 'P.1885', 'JB. Budi Darmawan S.T., M.Sc.'),
(24, 'P.1240', 'Dr. Cyprianus Kuntoro Adi, S.J. M.A., M.Sc.'),
(25, 'P.2083', 'Haris Sriwindono M.Kom, Ph.D.'),
(26, 'P.2083', 'Drs. Haris Sriwindono M.Kom, Ph.D.'),
(27, 'P.2446', 'Dewa Putu Wiadnyana Putra S.Pd., M.Sc.'),
(28, 'P.2083', 'Drs. Haris Sriwindono M.Kom, Ph.D.  Eko Hari Parmadi S.Si., M.Kom.'),
(29, 'P.1171', 'Drs. Y.B. Adimassana M.A.'),
(30, 'T.991629', 'Drs. Yosephus Sudiantara B.Th., M.S.'),
(31, 'P.2444', 'Yosep Dwi Kristanto M.Pd.'),
(32, 'P.2426', 'Eko Budi Santoso, S.J. S.Pd., Ph.D.'),
(33, 'P.2406', 'Septina Krismawati M.A.'),
(34, 'T.991814', 'Stella Maris Saraswati Mere S.Pd., M.A.'),
(35, 'T.991203', 'Cicilia Dwi Setyorini M.Hum.');

-- --------------------------------------------------------

--
-- Table structure for table `kolokium`
--

CREATE TABLE `kolokium` (
  `id` int(11) NOT NULL,
  `nim` varchar(255) NOT NULL,
  `nama` varchar(255) NOT NULL,
  `dosen1` varchar(255) NOT NULL,
  `dosen2` varchar(255) NOT NULL,
  `judul` varchar(255) NOT NULL,
  `reviewer` varchar(255) NOT NULL,
  `tanggal` varchar(255) NOT NULL,
  `durasi` varchar(255) NOT NULL,
  `ruang` varchar(255) NOT NULL,
  `keterangan` varchar(255) NOT NULL
) ENGINE=InnoDB DEFAULT CHARSET=latin1;

-- --------------------------------------------------------

--
-- Table structure for table `mahasiswa`
--

CREATE TABLE `mahasiswa` (
  `idMahasiswa` int(11) NOT NULL,
  `nim` int(9) DEFAULT NULL,
  `nama` varchar(255) DEFAULT NULL,
  `dpa` varchar(255) DEFAULT NULL,
  `minat` varchar(225) NOT NULL,
  `status` varchar(255) DEFAULT NULL,
  `ipk` int(1) DEFAULT NULL,
  `sks` int(3) DEFAULT NULL,
  `dosbing` varchar(255) NOT NULL,
  `dosbing1` varchar(255) NOT NULL
) ENGINE=InnoDB DEFAULT CHARSET=utf8;

--
-- Dumping data for table `mahasiswa`
--

INSERT INTO `mahasiswa` (`idMahasiswa`, `nim`, `nama`, `dpa`, `minat`, `status`, `ipk`, `sks`, `dosbing`, `dosbing1`) VALUES
(1, 125314033, 'ARLEANDO MANGARA SIAGIAN', NULL, '', 'AKTIF', NULL, NULL, '', ''),
(2, 125314088, 'JULIAN DWI ROSANTA', NULL, '', 'AKTIF', NULL, NULL, '', ''),
(3, 125314092, 'LAURENSIUS ANDIKA NOVEMBRI', NULL, '', 'AKTIF', NULL, NULL, '', ''),
(4, 125314129, 'FEBRY RHENALDY', NULL, '', 'AKTIF', NULL, NULL, '', ''),
(5, 125314134, 'FAJAR SETYONO', NULL, '', 'AKTIF', NULL, NULL, '', ''),
(6, 135314014, 'YOHANES AGUNG NUGROHO', NULL, '', 'AKTIF', NULL, NULL, '', ''),
(7, 135314045, 'STANISLAUS ADRIAN CHRISNAMURTI', NULL, '', 'AKTIF', NULL, NULL, '', ''),
(8, 135314105, 'AMY THEODOSIUS NAINGGOLAN', NULL, '', 'AKTIF', NULL, NULL, '', ''),
(9, 145314015, 'ANGELA RINTAN NIRMALASINTA', NULL, '', 'AKTIF', NULL, NULL, '', ''),
(10, 145314055, 'CHRISTO TRI ADI KARA TJAHYA ALAM', NULL, '', 'AKTIF', NULL, NULL, '', ''),
(11, 145314071, 'NIMAS AYU TIARA PERMATASARI', NULL, '', 'AKTIF', NULL, NULL, '', ''),
(12, 145314079, 'GUNTUR AJI PAMUNGKAS', NULL, '', 'AKTIF', NULL, NULL, '', ''),
(13, 145314083, 'WAHYUNING NDARU TEJOKUSUMO', NULL, '', 'AKTIF', NULL, NULL, '', ''),
(14, 145314085, 'BAGAS TRI JUNIANTO', NULL, '', 'AKTIF', NULL, NULL, '', ''),
(15, 145314089, 'ALFRIAN FERNANDO LAMAWURAN', NULL, '', 'AKTIF', NULL, NULL, '', ''),
(16, 145314091, 'YOSEP TEKI NUGROHO', NULL, '', 'AKTIF', NULL, NULL, '', ''),
(17, 145314092, 'YOHANES DICKY MAHENDRA', NULL, '', 'AKTIF', NULL, NULL, '', ''),
(18, 145314094, 'JUNANDUS SIJABAT', NULL, '', 'AKTIF', NULL, NULL, '', ''),
(19, 145314110, 'MULIADI MARPAUNG', NULL, '', 'AKTIF', NULL, NULL, '', ''),
(20, 155314002, 'ASIH SULISTYANI', NULL, '', 'AKTIF', NULL, NULL, '', ''),
(21, 155314003, 'PRADHIKA DWI YULDANIA', NULL, '', 'AKTIF', NULL, NULL, '', ''),
(22, 155314004, 'YOHANA MUSTIKA RINJANI PUTRI', NULL, '', 'AKTIF', NULL, NULL, '', ''),
(23, 155314005, 'NOVA NIATI', NULL, '', 'AKTIF', NULL, NULL, '', ''),
(24, 155314007, 'YESY MAYANG SARI', NULL, '', 'AKTIF', NULL, NULL, '', ''),
(25, 155314008, 'ADRES KUSUMAWARDHANA', NULL, '', 'AKTIF', NULL, NULL, '', ''),
(26, 155314009, 'JAVA SINDHARA', NULL, '', 'AKTIF', NULL, NULL, '', ''),
(27, 155314012, 'MIKHA ADMAWIJAYA', NULL, '', 'AKTIF', NULL, NULL, '', ''),
(28, 155314013, 'LAYUNG INDRA APRILIA', NULL, '', 'AKTIF', NULL, NULL, '', ''),
(29, 155314014, 'EVANDER JULIANSYAH H', NULL, '', 'AKTIF', NULL, NULL, '', ''),
(30, 155314015, 'GERALDEV MANOAH', NULL, '', 'AKTIF', NULL, NULL, '', ''),
(31, 155314017, 'ALBERTHUS PRAMUDITO PUTRA BERNANTO', NULL, '', 'AKTIF', NULL, NULL, '', ''),
(32, 155314019, 'STANISLAUS RAFAEL BHAYU NUGROHO WIJANARKO', NULL, '', 'AKTIF', NULL, NULL, '', ''),
(33, 155314020, 'DIONISIUS TAUFAN ENGGAR INDRAJAYA', NULL, '', 'AKTIF', NULL, NULL, '', ''),
(34, 155314021, 'WENTRI FEBRIASIE', NULL, '', 'AKTIF', NULL, NULL, '', ''),
(35, 155314022, 'WINDI TRI APRILIANI', NULL, '', 'AKTIF', NULL, NULL, '', ''),
(36, 155314023, 'OKTAVIANUS ZENGGI SURYA PUTRANJAYA', NULL, '', 'AKTIF', NULL, NULL, '', ''),
(37, 155314024, 'OSMOND GIOVANNI INDYAPUTRA', NULL, '', 'AKTIF', NULL, NULL, '', ''),
(38, 155314025, 'AGENDA YUDHA SAMUDRA', NULL, '', 'AKTIF', NULL, NULL, '', ''),
(39, 155314026, 'CHRISTIAN CAROLUS BAGAS PRADANA', NULL, '', 'AKTIF', NULL, NULL, '', ''),
(40, 155314027, 'PETER GIGIH TRIMULYO HADI', NULL, '', 'AKTIF', NULL, NULL, '', ''),
(41, 155314028, 'YUNUS IHSAN SETYAWAN', NULL, '', 'AKTIF', NULL, NULL, '', ''),
(42, 155314030, 'MARIA DAMAYANTI', NULL, '', 'AKTIF', NULL, NULL, '', ''),
(43, 155314031, 'ANDREAS FEBRIANTO', NULL, '', 'AKTIF', NULL, NULL, '', ''),
(44, 155314033, 'GREGORIUS BIMA KHARISMA WICAKSANA', NULL, '', 'AKTIF', NULL, NULL, '', ''),
(45, 155314034, 'ANTONIO KENNY SETIAWAN', NULL, '', 'AKTIF', NULL, NULL, '', ''),
(46, 155314035, 'MARIA REGINA CELISETYAWATI', NULL, '', 'AKTIF', NULL, NULL, '', ''),
(47, 155314036, 'ANDITIO KURNIA WIJAYA', NULL, '', 'AKTIF', NULL, NULL, '', ''),
(48, 155314037, 'ROBERTUS GARIN PERMANA', NULL, '', 'AKTIF', NULL, NULL, '', ''),
(49, 155314038, 'MARTINUS TRI NUR CAHYONO', NULL, '', 'AKTIF', NULL, NULL, '', ''),
(50, 155314040, 'YULIUS ELFRISA DESANCOKO', NULL, '', 'AKTIF', NULL, NULL, '', ''),
(51, 155314042, 'ANINDYA SABRINA PANGESTI', NULL, '', 'AKTIF', NULL, NULL, '', ''),
(52, 155314043, 'IGNASIUS GAYOH ADI JAYA', NULL, '', 'AKTIF', NULL, NULL, '', ''),
(53, 155314044, 'YOSAFAT WILLY CHRISTIAN', NULL, '', 'AKTIF', NULL, NULL, '', ''),
(54, 155314045, 'MONICA RINDA CHRISTANTO', NULL, '', 'AKTIF', NULL, NULL, '', ''),
(55, 155314046, 'FELLIA FEBRIANI', NULL, '', 'AKTIF', NULL, NULL, '', ''),
(56, 155314047, 'NOVRI KARYADI SAHPUTRA', NULL, '', 'AKTIF', NULL, NULL, '', ''),
(57, 155314048, 'YASINTHA PUTERI LARASATI', NULL, '', 'AKTIF', NULL, NULL, '', ''),
(58, 155314049, 'SALVATORE KIDUNG SIMADANU', NULL, '', 'AKTIF', NULL, NULL, '', ''),
(59, 155314050, 'BILY LESMANA', NULL, '', 'AKTIF', NULL, NULL, '', ''),
(60, 155314051, 'RIRIN DWI WIJAYANTI', NULL, '', 'AKTIF', NULL, NULL, '', ''),
(61, 155314052, 'ANDREA SETYA DEWA', NULL, '', 'AKTIF', NULL, NULL, '', ''),
(62, 155314053, 'STEFANUS DWI RIARTO', NULL, '', 'AKTIF', NULL, NULL, '', ''),
(63, 155314054, 'NATALIA AMBARWATI', NULL, '', 'AKTIF', NULL, NULL, '', ''),
(64, 155314055, 'YOHANES PUTRANTO SURYO KUSUMO', NULL, '', 'AKTIF', NULL, NULL, '', ''),
(65, 155314058, 'THEODULUS TITHO', NULL, '', 'AKTIF', NULL, NULL, '', ''),
(66, 155314060, 'PETRUS AGUNG WICAKSANA ENJANG GUMELAR', NULL, '', 'AKTIF', NULL, NULL, '', ''),
(67, 155314061, 'GALIH SUPRAYOGO', NULL, '', 'AKTIF', NULL, NULL, '', ''),
(68, 155314062, 'JERI FERDIANO', NULL, '', 'AKTIF', NULL, NULL, '', ''),
(69, 155314063, 'NANDIEL DESEA ANDANA', NULL, '', 'AKTIF', NULL, NULL, '', ''),
(70, 155314067, 'MEGA ANINDITA', NULL, '', 'AKTIF', NULL, NULL, '', ''),
(71, 155314068, 'TUBAGUS RENDY SURYA NEGARA IBNU RAHMAT KARTAWIJAYA', NULL, '', 'AKTIF', NULL, NULL, '', ''),
(72, 155314072, 'MARIO AGUSTORIUS LIODA GHETA SEDA', NULL, '', 'AKTIF', NULL, NULL, '', ''),
(73, 155314073, 'BASTIAN CHANDRA KUSUMA', NULL, '', 'AKTIF', NULL, NULL, '', ''),
(74, 155314074, 'RENTAH ASIH GALUH DEBORA ISSADHA', NULL, '', 'AKTIF', NULL, NULL, '', ''),
(75, 155314075, 'ANDREAS KEVIN FEBIANTO', NULL, '', 'AKTIF', NULL, NULL, '', ''),
(76, 155314076, 'DAVID PRASETYA ADI', NULL, '', 'AKTIF', NULL, NULL, '', ''),
(77, 155314077, 'ORNANDO TRIHANDARU SETIAJI', NULL, '', 'AKTIF', NULL, NULL, '', ''),
(78, 155314078, 'JOEVIAN CAESARIO JUHARDI', NULL, '', 'AKTIF', NULL, NULL, '', ''),
(79, 155314082, 'ANDREAS CHRISANTO LALO NUSA', NULL, '', 'AKTIF', NULL, NULL, '', ''),
(80, 155314083, 'KALORINDA', NULL, '', 'AKTIF', NULL, NULL, '', ''),
(81, 155314084, 'THEO BUANA PONGSUMARRE', NULL, '', 'AKTIF', NULL, NULL, '', ''),
(82, 155314085, 'VINCENTIUS BAYU FAJAR KURNIAWAN', NULL, '', 'AKTIF', NULL, NULL, '', ''),
(83, 155314086, 'Y. ADVENSIUS PUTRA PAMUNGKAS', NULL, '', 'AKTIF', NULL, NULL, '', ''),
(84, 155314088, 'VENTYA FERNITHA', NULL, '', 'AKTIF', NULL, NULL, '', ''),
(85, 155314089, 'GHERALDO SARANGNGA\' BENDON', NULL, '', 'AKTIF', NULL, NULL, '', ''),
(86, 155314090, 'REINARDUS AJI HARISTU', NULL, '', 'AKTIF', NULL, NULL, '', ''),
(87, 155314091, 'ANINDIA ADYUTAWATI NUGRAHENI', NULL, '', 'AKTIF', NULL, NULL, '', ''),
(88, 155314092, 'LENDRA RIADY', NULL, '', 'AKTIF', NULL, NULL, '', ''),
(89, 155314094, 'JOSHUA BOANERGES TAMPI', NULL, '', 'AKTIF', NULL, NULL, '', ''),
(90, 155314095, 'YOHANES ADI PURNOMO BATLAYERI', NULL, '', 'AKTIF', NULL, NULL, '', ''),
(91, 155314097, 'TIMOTIUS AQUINO FEBRI WIDYASETYANTO', NULL, '', 'AKTIF', NULL, NULL, '', ''),
(92, 155314099, 'SULISTYO ATMOJO', NULL, '', 'AKTIF', NULL, NULL, '', ''),
(93, 155314100, 'RISKY SIMAREMARE', NULL, '', 'AKTIF', NULL, NULL, '', ''),
(94, 155314101, 'CAHYA WICAKSANA', NULL, '', 'AKTIF', NULL, NULL, '', ''),
(95, 155314102, 'SEBASTIANUS RECZY.S', NULL, '', 'AKTIF', NULL, NULL, '', ''),
(96, 155314103, 'RUTH HANSELIANI', NULL, '', 'AKTIF', NULL, NULL, '', ''),
(97, 155314104, 'RENALDI', NULL, '', 'AKTIF', NULL, NULL, '', ''),
(98, 155314105, 'ARVIN ADITAMA SANTOSO', NULL, '', 'AKTIF', NULL, NULL, '', ''),
(99, 155314106, 'LEONARDUS PITER MAHENDRA', NULL, '', 'AKTIF', NULL, NULL, '', ''),
(100, 155314107, 'CLEMENT ABRAHAM SIDOMULYO', NULL, '', 'AKTIF', NULL, NULL, '', ''),
(101, 155314108, 'PAULUS BREMA HUTAGALUNG', NULL, '', 'AKTIF', NULL, NULL, '', ''),
(102, 155314109, 'ELFRIDA AFENTRI MANURUNG', NULL, '', 'AKTIF', NULL, NULL, '', ''),
(103, 155314110, 'JULIANA ENGELINA MANULLANG', NULL, '', 'AKTIF', NULL, NULL, '', ''),
(104, 155314112, 'IMANUEL MOSES SETYARTANTYA', NULL, '', 'AKTIF', NULL, NULL, '', ''),
(105, 155314113, 'GISKA CLAUDIA SINULINGGA', NULL, '', 'AKTIF', NULL, NULL, '', ''),
(106, 155314114, 'BAGAS AJI WICAKSONO', NULL, '', 'AKTIF', NULL, NULL, '', ''),
(107, 155314115, 'CLARA MARIA DE ROSARIO TAEK', NULL, '', 'AKTIF', NULL, NULL, '', ''),
(108, 155314116, 'GRACE MARSELA HILDA PATTINAMA', NULL, '', 'AKTIF', NULL, NULL, '', ''),
(109, 155314117, 'GREGORIUS MAGNUS MEGA SANJAYA', NULL, '', 'AKTIF', NULL, NULL, '', ''),
(110, 155314118, 'ABRAHAM LOEDWIJCK', NULL, '', 'AKTIF', NULL, NULL, '', ''),
(111, 155314120, 'KARAN AGUS PUTERA', NULL, '', 'AKTIF', NULL, NULL, '', ''),
(112, 155314121, 'REDY RENNO IRIANTO', NULL, '', 'AKTIF', NULL, NULL, '', ''),
(113, 155314122, 'GRASFIKA APRIANI SIHITE', NULL, '', 'AKTIF', NULL, NULL, '', ''),
(114, 155314123, 'BALTASAR YANUARIUS S. SUDJONO', NULL, '', 'AKTIF', NULL, NULL, '', ''),
(115, 155314124, 'MARIA CHRISTIN SIMANJUNTAK', NULL, '', 'AKTIF', NULL, NULL, '', ''),
(116, 155314125, 'JAN WILLIAM SIANTURI', NULL, '', 'AKTIF', NULL, NULL, '', ''),
(117, 155314126, 'YERNI MEI SULASTRI BAPTISTA SITORUS', NULL, '', 'AKTIF', NULL, NULL, '', ''),
(118, 165314001, 'YAKOBUS ARIS ARVANTO', NULL, '', 'AKTIF', NULL, NULL, '', ''),
(119, 165314002, 'ALEXANDER BERNADUS SUNGKONO', NULL, '', 'AKTIF', NULL, NULL, '', ''),
(120, 165314003, 'NANANG HIMAWAN FAUZI', NULL, '', 'AKTIF', NULL, NULL, '', ''),
(121, 165314004, 'GEDE RIZKY BELA DHARMA RUDYARTA', NULL, '', 'AKTIF', NULL, NULL, '', ''),
(122, 165314006, 'ANTONIUS YOGI PRIHANTORO', NULL, '', 'AKTIF', NULL, NULL, '', ''),
(123, 165314007, 'WIDI FIRMANSYAH', NULL, '', 'AKTIF', NULL, NULL, '', ''),
(124, 165314009, 'EVANNOAH ROLIMARCH PRATAMA', NULL, '', 'AKTIF', NULL, NULL, '', ''),
(125, 165314011, 'WENSESLAUS TYAS WICAKSANA', NULL, '', 'AKTIF', NULL, NULL, '', ''),
(126, 165314012, 'BANYU WANA AJI', NULL, '', 'AKTIF', NULL, NULL, '', ''),
(127, 165314013, 'AGNES WIDIANINGSIH WULANDARI', NULL, '', 'AKTIF', NULL, NULL, '', ''),
(128, 165314014, 'BERNADETTE CHRESTELLA', NULL, '', 'AKTIF', NULL, NULL, '', ''),
(129, 165314015, 'REYNALDI SETIAWAN', NULL, '', 'AKTIF', NULL, NULL, '', ''),
(130, 165314016, 'WILLY FRANSCA', NULL, '', 'AKTIF', NULL, NULL, '', ''),
(131, 165314017, 'FRANSISCUS XAVERIUS DHIMAS DWI RATNANTO', NULL, '', 'AKTIF', NULL, NULL, '', ''),
(132, 165314018, 'GESANG AGENG TRISAKTI', NULL, '', 'AKTIF', NULL, NULL, '', ''),
(133, 165314020, 'YOGA DWI PRASETYO', NULL, '', 'AKTIF', NULL, NULL, '', ''),
(134, 165314021, 'TATAG HARDOYO', NULL, '', 'AKTIF', NULL, NULL, '', ''),
(135, 165314023, 'AURELI ISAIAS', NULL, '', 'AKTIF', NULL, NULL, '', ''),
(136, 165314024, 'CLARA RUMONDANG', NULL, '', 'AKTIF', NULL, NULL, '', ''),
(137, 165314025, 'ANTONIUS BAYU ANGGORO JATI', NULL, '', 'AKTIF', NULL, NULL, '', ''),
(138, 165314026, 'YOVANDA PRISCILLA', NULL, '', 'AKTIF', NULL, NULL, '', ''),
(139, 165314027, 'YUSTINA LYVIA VIOLITA', NULL, '', 'AKTIF', NULL, NULL, '', ''),
(140, 165314028, 'WILLIAMS NICOSEN', NULL, '', 'AKTIF', NULL, NULL, '', ''),
(141, 165314029, 'HADIYAN FAIKAR', NULL, '', 'AKTIF', NULL, NULL, '', ''),
(142, 165314031, 'ADITYA GALIH DIKA SIWI', NULL, '', 'AKTIF', NULL, NULL, '', ''),
(143, 165314032, 'LAURENSIUS JENAR ARTYANDA', NULL, '', 'AKTIF', NULL, NULL, '', ''),
(144, 165314033, 'JOSPHINE WAHYU SURYAKUMALA', NULL, '', 'AKTIF', NULL, NULL, '', ''),
(145, 165314034, 'BERNADICTUS HERKULANTO HADISAPUTRA', NULL, '', 'AKTIF', NULL, NULL, '', ''),
(146, 165314035, 'VICKY DARMAWAN', NULL, '', 'AKTIF', NULL, NULL, '', ''),
(147, 165314036, 'MARIO ADITYA PRIMANDARU', NULL, '', 'AKTIF', NULL, NULL, '', ''),
(148, 165314037, 'VERONICA MEIDITA SETYANI', NULL, '', 'AKTIF', NULL, NULL, '', ''),
(149, 165314038, 'DANIEL JERIANSYAH', NULL, '', 'AKTIF', NULL, NULL, '', ''),
(150, 165314039, 'ANDREAS BENY KURNIAWAN', NULL, '', 'AKTIF', NULL, NULL, '', ''),
(151, 165314040, 'MUNA ALEKTA TARIGAN', NULL, '', 'AKTIF', NULL, NULL, '', ''),
(152, 165314041, 'YOS RIO PURAGA', NULL, '', 'AKTIF', NULL, NULL, '', ''),
(153, 165314042, 'FERDINAND ANDRE PASARIBU', NULL, '', 'AKTIF', NULL, NULL, '', ''),
(154, 165314043, 'RICKY FERDIAN', NULL, '', 'AKTIF', NULL, NULL, '', ''),
(155, 165314044, 'KRISTOPHORUS ABEL PRIAMBODO LUMBAN TOBING', NULL, '', 'AKTIF', NULL, NULL, '', ''),
(156, 165314045, 'JOHAN SATRIA KESUMA', NULL, '', 'AKTIF', NULL, NULL, '', ''),
(157, 165314046, 'FERDINANDUS LEMBAMBANG SULA', NULL, '', 'AKTIF', NULL, NULL, '', ''),
(158, 165314047, 'YANUARIUS BASILIUS', NULL, '', 'AKTIF', NULL, NULL, '', ''),
(159, 165314048, 'HIERONYMUS PRASTAWA AGUNG', NULL, '', 'AKTIF', NULL, NULL, '', ''),
(160, 165314049, 'ANINDYAJATI', NULL, '', 'AKTIF', NULL, NULL, '', ''),
(161, 165314050, 'KRISTIANUS YULI KURNIAWAN', NULL, '', 'AKTIF', NULL, NULL, '', ''),
(162, 165314051, 'CHRISTIANTO EGA PRASETYO', NULL, '', 'AKTIF', NULL, NULL, '', ''),
(163, 165314053, 'FINSA ABRAHAM ALBIYANDA', NULL, '', 'AKTIF', NULL, NULL, '', ''),
(164, 165314054, 'EZRA PETRA NAMSA', NULL, '', 'AKTIF', NULL, NULL, '', ''),
(165, 165314055, 'ANATASHA OCTARIAMA RESPATI DEWI SIMBOLON', NULL, '', 'AKTIF', NULL, NULL, '', ''),
(166, 165314056, 'DELVIANA SIAHAAN', NULL, '', 'AKTIF', NULL, NULL, '', ''),
(167, 165314057, 'BERNARD HATOGUAN SIREGAR', NULL, '', 'AKTIF', NULL, NULL, '', ''),
(168, 165314058, 'HANDOKO PRASETYO', NULL, '', 'AKTIF', NULL, NULL, '', ''),
(169, 165314060, 'STEFANUS KEVIN WICAKSONO', NULL, '', 'AKTIF', NULL, NULL, '', ''),
(170, 165314061, 'NICODEMUS SEPTINOS PATI', NULL, '', 'AKTIF', NULL, NULL, '', ''),
(171, 165314062, 'KLAUDIA KISNODI', NULL, '', 'AKTIF', NULL, NULL, '', ''),
(172, 165314063, 'YOSEPH GUSTI RANDA', NULL, '', 'AKTIF', NULL, NULL, '', ''),
(173, 165314065, 'I KETUT MULIANA', NULL, '', 'AKTIF', NULL, NULL, '', ''),
(174, 165314066, 'VALENTINUS ANGGA ANKRISNAR', NULL, '', 'AKTIF', NULL, NULL, '', ''),
(175, 165314067, 'YOHANES MARIA VIANEY RUMA', NULL, '', 'AKTIF', NULL, NULL, '', ''),
(176, 165314068, 'MAKSIMILIANUS WILLIAM KAUS PUTRA', NULL, '', 'AKTIF', NULL, NULL, '', ''),
(177, 165314069, 'DESI RATNASARI', NULL, '', 'AKTIF', NULL, NULL, '', ''),
(178, 165314070, 'WAYAN SUGIARSA', NULL, '', 'AKTIF', NULL, NULL, '', ''),
(179, 165314071, 'FRANSISCUS DWIAN ANUGERAH PRAMANA', NULL, '', 'AKTIF', NULL, NULL, '', ''),
(180, 165314073, 'ARTHA DIAN SINAGA', NULL, '', 'AKTIF', NULL, NULL, '', ''),
(181, 165314074, 'BERNARDUS GANDHANG PANJI WARDHANI', NULL, '', 'AKTIF', NULL, NULL, '', ''),
(182, 165314076, 'GALUH PINGKAN RAHMADANTI', NULL, '', 'AKTIF', NULL, NULL, '', ''),
(183, 165314077, 'YOLANDA EVELINE ARDININGTYAS', NULL, '', 'AKTIF', NULL, NULL, '', ''),
(184, 165314078, 'DANIEL BRAM CHANDRA SAPUTRA', NULL, '', 'AKTIF', NULL, NULL, '', ''),
(185, 165314079, 'TOBBY ARIYANTO MANDOI', NULL, '', 'AKTIF', NULL, NULL, '', ''),
(186, 165314080, 'YOHANES KAPISTRANO NANA', NULL, '', 'AKTIF', NULL, NULL, '', ''),
(187, 165314081, 'NORBERTUS KHRISNA PRATAMA', NULL, '', 'AKTIF', NULL, NULL, '', ''),
(188, 165314082, 'KI TAE KWON', NULL, '', 'AKTIF', NULL, NULL, '', ''),
(189, 165314083, 'HUSOR DAVID T PANDIANGAN', NULL, '', 'AKTIF', NULL, NULL, '', ''),
(190, 165314084, 'ROMANUS HADYANTO ONGAN', NULL, '', 'AKTIF', NULL, NULL, '', ''),
(191, 165314085, 'CLARA SANTA ANGKAMOR', NULL, '', 'AKTIF', NULL, NULL, '', ''),
(192, 165314086, 'CAROLINE ASTERIA CAEZAR ARYANI', NULL, '', 'AKTIF', NULL, NULL, '', ''),
(193, 165314087, 'ALBERT MATHIUN', NULL, '', 'AKTIF', NULL, NULL, '', ''),
(194, 165314088, 'CHRISTIAN IISVHARAPRANIDANA PARAMITHA', NULL, '', 'AKTIF', NULL, NULL, '', ''),
(195, 165314089, 'DAVID THANLIAN KURNIAWAN', NULL, '', 'AKTIF', NULL, NULL, '', ''),
(196, 165314090, 'ANASTASIA NOVIA WINDRAWATI', NULL, '', 'AKTIF', NULL, NULL, '', ''),
(197, 165314091, 'DAVID ALMACESAR HABEKA', NULL, '', 'AKTIF', NULL, NULL, '', ''),
(198, 165314093, 'BAGAS DHITYA TAUFIQQI', NULL, '', 'AKTIF', NULL, NULL, '', ''),
(199, 165314097, 'GANDHI NUGROHO', NULL, '', 'AKTIF', NULL, NULL, '', ''),
(200, 165314098, 'PAULINA MANGANDE', NULL, '', 'AKTIF', NULL, NULL, '', ''),
(201, 165314099, 'DIMA THOMAS REFANO', NULL, '', 'AKTIF', NULL, NULL, '', ''),
(202, 165314100, 'GEORGIUS I PUTU VANDI SETYAWAN', NULL, '', 'AKTIF', NULL, NULL, '', ''),
(203, 165314101, 'ALFRIYANDI DWI PRADIPTA SINAGA', NULL, '', 'AKTIF', NULL, NULL, '', ''),
(204, 165314102, 'RACHEL ELISA UTAMA', NULL, '', 'AKTIF', NULL, NULL, '', ''),
(205, 165314103, 'PUTU INTAN HASRI PUTRI', NULL, '', 'AKTIF', NULL, NULL, '', ''),
(206, 165314104, 'MAGNUS ABIYU', NULL, '', 'AKTIF', NULL, NULL, '', ''),
(207, 165314105, 'EKA PUTRA KURNIASANDY BENE DIKTUS', NULL, '', 'AKTIF', NULL, NULL, '', ''),
(208, 165314106, 'AFRA RIAN YUDIANTO', NULL, '', 'AKTIF', NULL, NULL, '', ''),
(209, 165314107, 'ALVA GRACEORA NUGROHO', NULL, '', 'AKTIF', NULL, NULL, '', ''),
(210, 165314108, 'ROBERTUS BINTORO', NULL, '', 'AKTIF', NULL, NULL, '', ''),
(211, 165314110, 'MARETHA ELISTYANA', NULL, '', 'AKTIF', NULL, NULL, '', ''),
(212, 165314111, 'ANDREAS YAN PRATAMA ADI PANGESTU', NULL, '', 'AKTIF', NULL, NULL, '', ''),
(213, 165314112, 'NINDA MAWARNI', NULL, '', 'AKTIF', NULL, NULL, '', ''),
(214, 165314113, 'INDAH PERMATA SARI', NULL, '', 'AKTIF', NULL, NULL, '', ''),
(215, 165314114, 'LUDHGERUS HERVIN ETBY SAPUTRA', NULL, '', 'AKTIF', NULL, NULL, '', ''),
(216, 165314115, 'DAVID PARSAORAN TAMPUBOLON', NULL, '', 'AKTIF', NULL, NULL, '', ''),
(217, 165314116, 'HANANTO WIDIGDO', NULL, '', 'AKTIF', NULL, NULL, '', ''),
(218, 165314117, 'PAULUS LEONARDO SETIA PRABOWO', NULL, '', 'AKTIF', NULL, NULL, '', ''),
(219, 165314118, 'EGIDIA YUNI SAVITRI', NULL, '', 'AKTIF', NULL, NULL, '', ''),
(220, 165314121, 'VALENTINA YOHANA SENDUK', NULL, '', 'AKTIF', NULL, NULL, '', ''),
(221, 165314124, 'DODI FERNANDO TAMBUNAN', NULL, '', 'AKTIF', NULL, NULL, '', ''),
(222, 175314001, 'STEVAN TIOVANDI', NULL, '', 'AKTIF', NULL, NULL, '', ''),
(223, 175314002, 'EDRICK HERNANDO', NULL, '', 'AKTIF', NULL, NULL, '', ''),
(224, 175314003, 'MARKUS PATRIK SEKAITELES', NULL, '', 'AKTIF', NULL, NULL, '', ''),
(225, 175314004, 'CHRISTOPHER MATTEW HERMAN', NULL, '', 'AKTIF', NULL, NULL, '', ''),
(226, 175314005, 'NICHOLAS WIMBARA', NULL, '', 'AKTIF', NULL, NULL, '', ''),
(227, 175314006, 'AYUNA ARMONICA', NULL, '', 'AKTIF', NULL, NULL, '', ''),
(228, 175314007, 'IGNATIUS RIKO RINALDI', NULL, '', 'AKTIF', NULL, NULL, '', ''),
(229, 175314008, 'NIKOLAUS HOSEA', NULL, '', 'AKTIF', NULL, NULL, '', ''),
(230, 175314009, 'CHRISTIAN WIBOWO TRINUGROHO', NULL, '', 'AKTIF', NULL, NULL, '', ''),
(231, 175314010, 'GERVASIUS TARUSMAN', NULL, '', 'AKTIF', NULL, NULL, '', ''),
(232, 175314011, 'DESHA VIRIYA KSANTI PURNOMO', NULL, '', 'AKTIF', NULL, NULL, '', ''),
(233, 175314012, 'PHILIPUS CHEVIN JOANITO MAGAT', NULL, '', 'AKTIF', NULL, NULL, '', ''),
(234, 175314013, 'ALBERTUS IVAN ADYATMA MAHESWARA', NULL, '', 'AKTIF', NULL, NULL, '', ''),
(235, 175314014, 'CHRISTIAN NARWASTU DELE', NULL, '', 'AKTIF', NULL, NULL, '', ''),
(236, 175314015, 'I GEDE DIPAYANA', NULL, '', 'AKTIF', NULL, NULL, '', ''),
(237, 175314016, 'RENDY EKO PRAYOGO', NULL, '', 'AKTIF', NULL, NULL, '', ''),
(238, 175314017, 'PANJI LIBERTY PRATAMA HUAN', NULL, '', 'AKTIF', NULL, NULL, '', ''),
(239, 175314018, 'WIRYAWAN SETYA NUGROHO', NULL, '', 'AKTIF', NULL, NULL, '', ''),
(240, 175314019, 'REYN KEVIN KILA', NULL, '', 'AKTIF', NULL, NULL, '', ''),
(241, 175314020, 'TANDRIANTO KOKO GUNAWAN', NULL, '', 'AKTIF', NULL, NULL, '', ''),
(242, 175314021, 'FLORIANUS SURYA KEVIN', NULL, '', 'AKTIF', NULL, NULL, '', ''),
(243, 175314022, 'FX DONI WAHYU SB', NULL, '', 'AKTIF', NULL, NULL, '', ''),
(244, 175314023, 'FELIX PRIHANTORO', NULL, '', 'AKTIF', NULL, NULL, '', ''),
(245, 175314024, 'DEVIDA AURELIA YACOB', NULL, '', 'AKTIF', NULL, NULL, '', ''),
(246, 175314025, 'TANGGUH PURWOAGIL', NULL, '', 'AKTIF', NULL, NULL, '', ''),
(247, 175314026, 'IKHSANUDIN NUGRAHA', NULL, '', 'AKTIF', NULL, NULL, '', ''),
(248, 175314027, 'MICHAEL ALVIAN DANISH PRASOJO', NULL, '', 'AKTIF', NULL, NULL, '', ''),
(249, 175314028, 'WAHYU WIJANARKO', NULL, '', 'AKTIF', NULL, NULL, '', ''),
(250, 175314029, 'EZEKIEL JUAN FILIPPO CAPPI ARSYADI', NULL, '', 'AKTIF', NULL, NULL, '', ''),
(251, 175314030, 'FLAVIANA ABRIANI HALIM', NULL, '', 'AKTIF', NULL, NULL, '', ''),
(252, 175314031, 'WIRA DINATA', NULL, '', 'AKTIF', NULL, NULL, '', ''),
(253, 175314032, 'GALIH PRASETYA JATI', NULL, '', 'AKTIF', NULL, NULL, '', ''),
(254, 175314033, 'RIVAN ANANDITYA PRADANA', NULL, '', 'AKTIF', NULL, NULL, '', ''),
(255, 175314034, 'REENA SIMANIHURUK', NULL, '', 'AKTIF', NULL, NULL, '', ''),
(256, 175314035, 'WIBOWO CAHYONO', NULL, '', 'AKTIF', NULL, NULL, '', ''),
(257, 175314036, 'NOVI FITRI', NULL, '', 'AKTIF', NULL, NULL, '', ''),
(258, 175314037, 'SAFIRA NURTANTIA WILOPOJATI', NULL, '', 'AKTIF', NULL, NULL, '', ''),
(259, 175314038, 'JOSE PEDRO FEBIAN', NULL, '', 'AKTIF', NULL, NULL, '', ''),
(260, 175314039, 'ANDRI PRASETYO WIBOWO', NULL, '', 'AKTIF', NULL, NULL, '', ''),
(261, 175314040, 'MARIA SIMPLISIA WEA LAJA', NULL, '', 'AKTIF', NULL, NULL, '', ''),
(262, 175314041, 'ADVENTUS DIO', NULL, '', 'AKTIF', NULL, NULL, '', ''),
(263, 175314042, 'DANIEL FREDERIK', NULL, '', 'AKTIF', NULL, NULL, '', ''),
(264, 175314043, 'MIKHAEL SURYA PUSPITA JAYA', NULL, '', 'AKTIF', NULL, NULL, '', ''),
(265, 175314044, 'YUSUP HARIS PURNOMO', NULL, '', 'AKTIF', NULL, NULL, '', ''),
(266, 175314045, 'JOSEPH RIANDY PRATAMA HUTAGALUNG', NULL, '', 'AKTIF', NULL, NULL, '', ''),
(267, 175314046, 'M.IKHSAN ABIMANYU', NULL, '', 'AKTIF', NULL, NULL, '', ''),
(268, 175314047, 'FRANCISCA INTAN BERTIN', NULL, '', 'AKTIF', NULL, NULL, '', ''),
(269, 175314048, 'RENELDIS PUTRI TANGGU', NULL, '', 'AKTIF', NULL, NULL, '', ''),
(270, 175314049, 'RIVALDI ATMA DHINATA SEMBIRING', NULL, '', 'AKTIF', NULL, NULL, '', ''),
(271, 175314050, 'ANDREAS ALDYANTO NURA', NULL, '', 'AKTIF', NULL, NULL, '', ''),
(272, 175314051, 'SENDHY JAYA RAHARJA', NULL, '', 'AKTIF', NULL, NULL, '', ''),
(273, 175314052, 'AGUNG KRISTANTO', NULL, '', 'AKTIF', NULL, NULL, '', ''),
(274, 175314053, 'MARSELINUS BAGAS PRIMADITIA', NULL, '', 'AKTIF', NULL, NULL, '', ''),
(275, 175314054, 'GEORGIUS FEBRYAN PRADANA', NULL, '', 'AKTIF', NULL, NULL, '', ''),
(276, 175314055, 'CLARA ANGGITA AYU SETYANINGRUM', NULL, '', 'AKTIF', NULL, NULL, '', ''),
(277, 175314056, 'OKKY YODI DWI PURWANTO', NULL, '', 'AKTIF', NULL, NULL, '', ''),
(278, 175314057, 'VIINCENTIUS HENDRI KURNIAWAN', NULL, '', 'AKTIF', NULL, NULL, '', ''),
(279, 175314058, 'ZEFANYA DEVENDRA PUTRI NGGANGGUS', NULL, '', 'AKTIF', NULL, NULL, '', ''),
(280, 175314059, 'FRANSISCO DIAZ ATMARESTANTO', NULL, '', 'AKTIF', NULL, NULL, '', ''),
(281, 175314060, 'ATANASIUS IVANNOEL RIO AJI', NULL, '', 'AKTIF', NULL, NULL, '', ''),
(282, 175314061, 'BERLIN RAVELINO HUGO PADANG', NULL, '', 'AKTIF', NULL, NULL, '', ''),
(283, 175314062, 'AROOM PUTRI ISWARI', NULL, '', 'AKTIF', NULL, NULL, '', ''),
(284, 175314063, 'RIO PRADANA', NULL, '', 'AKTIF', NULL, NULL, '', ''),
(285, 175314064, 'STANISLAUS INDRO KENAA TUKAN', NULL, '', 'AKTIF', NULL, NULL, '', ''),
(286, 175314065, 'SIGIT PAMUNGKAS', NULL, '', 'AKTIF', NULL, NULL, '', ''),
(287, 175314066, 'BIONDI ADHITYO PRABOWO', NULL, '', 'AKTIF', NULL, NULL, '', ''),
(288, 175314067, 'YOHANES KEVIN WIJAYA', NULL, '', 'AKTIF', NULL, NULL, '', ''),
(289, 175314068, 'YOSEF GANJAR WICAKSONO', NULL, '', 'AKTIF', NULL, NULL, '', ''),
(290, 175314069, 'ERLYN AVIANDRY', NULL, '', 'AKTIF', NULL, NULL, '', ''),
(291, 175314070, 'YOGA JUSTISIO HARLEAWAN', NULL, '', 'AKTIF', NULL, NULL, '', ''),
(292, 175314071, 'EFRIYANI W. TARIGAN', NULL, '', 'AKTIF', NULL, NULL, '', ''),
(293, 175314072, 'INGGRID JAHA', NULL, '', 'AKTIF', NULL, NULL, '', ''),
(294, 175314073, 'WISNU SETYAWAN', NULL, '', 'AKTIF', NULL, NULL, '', ''),
(295, 175314074, 'DIONISIUS NOVEN JUANDIKA BINTANG', NULL, '', 'AKTIF', NULL, NULL, '', ''),
(296, 175314075, 'RAFAEL PASOPATI KRISNADWIPAYANA', NULL, '', 'AKTIF', NULL, NULL, '', ''),
(297, 175314076, 'FRISKO ADRIAN', NULL, '', 'AKTIF', NULL, NULL, '', ''),
(298, 175314077, 'RICHARDUS ALGA ADMAJA', NULL, '', 'AKTIF', NULL, NULL, '', ''),
(299, 175314078, 'GUIDO DIKA FIRGUSTON', NULL, '', 'AKTIF', NULL, NULL, '', ''),
(300, 175314079, 'MADE ARIVANDEGA WARNAWAN', NULL, '', 'AKTIF', NULL, NULL, '', ''),
(301, 175314080, 'HIERONIMUS FREDY MORGAN', NULL, '', 'AKTIF', NULL, NULL, '', ''),
(302, 175314081, 'IGNATIUS BENNY CHRISTIAN', NULL, '', 'AKTIF', NULL, NULL, '', ''),
(303, 175314082, 'ALBERTUS SATRIO BAYUAJI', NULL, '', 'AKTIF', NULL, NULL, '', ''),
(304, 175314083, 'IDA BAGUS YUDISTIRA PRAMA PUTRA', NULL, '', 'AKTIF', NULL, NULL, '', ''),
(305, 175314084, 'GABRIEL RYAN PRIMA ADETIKA', NULL, '', 'AKTIF', NULL, NULL, '', ''),
(306, 175314085, 'ALOYSIUS ADYTYA ENDRYANA PUTRA', NULL, '', 'AKTIF', NULL, NULL, '', ''),
(307, 175314086, 'ROBERTUS YULIANTO', NULL, '', 'AKTIF', NULL, NULL, '', ''),
(308, 175314087, 'ABRAM', NULL, '', 'AKTIF', NULL, NULL, '', ''),
(309, 175314088, 'HARNITA DWI OKTAVANI', NULL, '', 'AKTIF', NULL, NULL, '', ''),
(310, 175314089, 'ELLEINA RETRI WAHYU PUSPITASARI', NULL, '', 'AKTIF', NULL, NULL, '', ''),
(311, 175314090, 'MARTIN PARAMARTA', NULL, '', 'AKTIF', NULL, NULL, '', ''),
(312, 175314091, 'ALDY PAMUNGKAS', NULL, '', 'AKTIF', NULL, NULL, '', ''),
(313, 175314092, 'MAHENDRA AULIA RAHMAN', NULL, '', 'AKTIF', NULL, NULL, '', ''),
(314, 175314093, 'DAMARIO ADITAMA NAVYLIO', NULL, '', 'AKTIF', NULL, NULL, '', ''),
(315, 175314094, 'CHRISTOPHORUS ARLENDITO DANOR SAPUTRO', NULL, '', 'AKTIF', NULL, NULL, '', ''),
(316, 175314095, 'FRANSISKA ANNALISA CHRISTIANA HOLLY', NULL, '', 'AKTIF', NULL, NULL, '', ''),
(317, 175314096, 'AGUSTINUS HANDAYA AJITAMA', NULL, '', 'AKTIF', NULL, NULL, '', ''),
(318, 175314097, 'BENEDIKTUS RONY AGUNG KUSUMA', NULL, '', 'AKTIF', NULL, NULL, '', ''),
(319, 175314099, 'YOSSA ANDIKA LAKSANA', NULL, '', 'AKTIF', NULL, NULL, '', ''),
(320, 175314100, 'THOMAS CHRISTIAN WICAKSONO', NULL, '', 'AKTIF', NULL, NULL, '', ''),
(321, 175314101, 'ERWINSYAH RICO AGUSTA', NULL, '', 'AKTIF', NULL, NULL, '', ''),
(322, 175314102, 'AMELIA PARAMITA INDAH PAKARTI', NULL, '', 'AKTIF', NULL, NULL, '', ''),
(323, 175314103, 'SYELEN KRISNANDA', NULL, '', 'AKTIF', NULL, NULL, '', ''),
(324, 175314104, 'YEHEZKIEL PURNOMO AJI', NULL, '', 'AKTIF', NULL, NULL, '', ''),
(325, 175314105, 'KAREL ARISTO', NULL, '', 'AKTIF', NULL, NULL, '', ''),
(326, 175314106, 'SANDRA YOSEBA SIBI', NULL, '', 'AKTIF', NULL, NULL, '', ''),
(327, 175314107, 'OKTA VADINDA PUTRI', NULL, '', 'AKTIF', NULL, NULL, '', ''),
(328, 175314108, 'KRESENSIANA PRISKALIA', NULL, '', 'AKTIF', NULL, NULL, '', ''),
(329, 175314109, 'GAGAS SAMPURRANA DAYA HEDOH', NULL, '', 'AKTIF', NULL, NULL, '', ''),
(330, 175314110, 'CLAUDHEA ZITA LEGINA', NULL, '', 'AKTIF', NULL, NULL, '', ''),
(331, 175314111, 'GREGORIUS BRYAN OSALDI', NULL, '', 'AKTIF', NULL, NULL, '', ''),
(332, 175314112, 'FANI TRI HARSONO', NULL, '', 'AKTIF', NULL, NULL, '', ''),
(333, 175314113, 'REYNALDI RAMADHANI', NULL, '', 'AKTIF', NULL, NULL, '', ''),
(334, 175314114, 'JUANITA LISANDA', NULL, '', 'AKTIF', NULL, NULL, '', ''),
(335, 175314115, 'PERDAMAIAN HIA', NULL, '', 'AKTIF', NULL, NULL, '', ''),
(336, 175314116, 'ROSA TIRANDA', NULL, '', 'AKTIF', NULL, NULL, '', ''),
(337, 175314117, 'KATRINA NI LUH ARIYANTINI', NULL, '', 'AKTIF', NULL, NULL, '', ''),
(338, 175314118, 'TONI TUMPAL SIMANULLANG', NULL, '', 'AKTIF', NULL, NULL, '', ''),
(339, 175314119, 'JESSYCA NOFANTY HAHURY', NULL, '', 'AKTIF', NULL, NULL, '', ''),
(340, 175314120, 'SATRIO DANURDORO', NULL, '', 'AKTIF', NULL, NULL, '', ''),
(341, 175314121, 'RAMA EKA PUTRANTO', NULL, '', 'AKTIF', NULL, NULL, '', ''),
(342, 175314122, 'AMELIA PUTRI CENDRAKASIH', NULL, '', 'AKTIF', NULL, NULL, '', ''),
(343, 175314123, 'KATARINA HARYANINGTYAS', NULL, '', 'AKTIF', NULL, NULL, '', ''),
(344, 175314124, 'FRANSISKA APRI WULANDARI', NULL, '', 'AKTIF', NULL, NULL, '', ''),
(345, 175314125, 'ARNOLDUS JANSSEN YUFIANTO', NULL, '', 'AKTIF', NULL, NULL, '', ''),
(346, 175314126, 'THOMAS DANI KURNIAWAN', NULL, '', 'AKTIF', NULL, NULL, '', ''),
(347, 175314127, 'ALEXANDER ADAM BAGASKARA', NULL, '', 'AKTIF', NULL, NULL, '', ''),
(348, 185314001, 'ARYO NOVIANTO NUGROHO', NULL, '', 'AKTIF', NULL, NULL, '', ''),
(349, 185314002, 'MILSYEL HARYANTO', NULL, '', 'AKTIF', NULL, NULL, '', ''),
(350, 185314003, 'YUSUF FERLIAN ADITYA', NULL, '', 'AKTIF', NULL, NULL, '', ''),
(351, 185314004, 'CALISTA OMEGA MARELLA', NULL, '', 'AKTIF', NULL, NULL, '', ''),
(352, 185314005, 'DENNIS BONARDO SIMATUPANG', NULL, '', 'AKTIF', NULL, NULL, '', ''),
(353, 185314006, 'CAECILIA MITA TENOWANI', NULL, '', 'AKTIF', NULL, NULL, '', ''),
(354, 185314007, 'GRACIA STEFANI PUTRI', NULL, '', 'AKTIF', NULL, NULL, '', ''),
(355, 185314008, 'ATANASIUS DEO FIRMANDA', NULL, '', 'AKTIF', NULL, NULL, '', ''),
(356, 185314009, 'NIKOLAS SATYA SUDIBYONO', NULL, '', 'AKTIF', NULL, NULL, '', ''),
(357, 185314010, 'HERIBERTUS ARGANA RAJENDRA IVANTO', NULL, '', 'AKTIF', NULL, NULL, '', ''),
(358, 185314011, 'PRATAMA BEKTI KRISTANTO', NULL, '', 'AKTIF', NULL, NULL, '', ''),
(359, 185314012, 'YB DAVID RAHARDITYA', NULL, '', 'AKTIF', NULL, NULL, '', ''),
(360, 185314013, 'B VIRGIAWAN CHANDRA KUSUMA', NULL, '', 'AKTIF', NULL, NULL, '', ''),
(361, 185314014, 'MATIAS SETO PRAYOGO', NULL, '', 'AKTIF', NULL, NULL, '', ''),
(362, 185314015, 'DOMINIKUS DWIKA HARYO YUWONO', NULL, '', 'AKTIF', NULL, NULL, '', ''),
(363, 185314016, 'IGNATIUS OBED TITO ASMODITOMO', NULL, '', 'AKTIF', NULL, NULL, '', ''),
(364, 185314017, 'CHRISTIAN HERDANIO HADINISWORO', NULL, '', 'AKTIF', NULL, NULL, '', ''),
(365, 185314018, 'JUAN HENDRY ARTARICK', NULL, '', 'AKTIF', NULL, NULL, '', ''),
(366, 185314019, 'MARTINUS TRIWAHYUDI SUYANA', NULL, '', 'AKTIF', NULL, NULL, '', ''),
(367, 185314020, 'RAFAEL NANDA WIBISANA GOTRIE', NULL, '', 'AKTIF', NULL, NULL, '', ''),
(368, 185314021, 'RYAN HERMAWAN', NULL, '', 'AKTIF', NULL, NULL, '', ''),
(369, 185314022, 'YOGA PUJA ARITAMA', NULL, '', 'AKTIF', NULL, NULL, '', ''),
(370, 185314023, 'VINCENTIUS DEOGA YOBE CHRISNATA', NULL, '', 'AKTIF', NULL, NULL, '', ''),
(371, 185314024, 'I GUSTI BAGUS ARI SIDI MANTRA ARSANA', NULL, '', 'AKTIF', NULL, NULL, '', ''),
(372, 185314025, 'ANDIKA BAGUS SANTOSO', NULL, '', 'AKTIF', NULL, NULL, '', ''),
(373, 185314026, 'GERDARISTA G URSULA ANOFA', NULL, '', 'AKTIF', NULL, NULL, '', ''),
(374, 185314027, 'BERLIANA RESHITASWARI', NULL, '', 'AKTIF', NULL, NULL, '', ''),
(375, 185314028, 'MARCELINA ROSA MILLEONITA', NULL, '', 'AKTIF', NULL, NULL, '', ''),
(376, 185314029, 'MARIA FELICIA', NULL, '', 'AKTIF', NULL, NULL, '', ''),
(377, 185314030, 'ANTONIUS DIGYO HENDARTO', NULL, '', 'AKTIF', NULL, NULL, '', ''),
(378, 185314031, 'R. BINTANG YUBELLA HEMAS MURTONO', NULL, '', 'AKTIF', NULL, NULL, '', ''),
(379, 185314032, 'SISILIA TRI AGUSTINA', NULL, '', 'AKTIF', NULL, NULL, '', ''),
(380, 185314033, 'F. VIVIAN PRASKA WANDITA', NULL, '', 'AKTIF', NULL, NULL, '', ''),
(381, 185314034, 'YOHANES WICAKSONO ADI', NULL, '', 'AKTIF', NULL, NULL, '', ''),
(382, 185314035, 'MARSHELLINUS GALUNG PRATAMA', NULL, '', 'AKTIF', NULL, NULL, '', ''),
(383, 185314036, 'RICHARDO SAPUTRA YOEWONO', NULL, '', 'AKTIF', NULL, NULL, '', ''),
(384, 185314037, 'MARIA CHRISTINNE APRIJANY TJUNG', NULL, '', 'AKTIF', NULL, NULL, '', ''),
(385, 185314038, 'MAURICE ELANG BRAMASTA', NULL, '', 'AKTIF', NULL, NULL, '', ''),
(386, 185314039, 'EMILIANA SALDIOSTRI', NULL, '', 'AKTIF', NULL, NULL, '', ''),
(387, 185314040, 'INGOEL KRISTIANI', NULL, '', 'AKTIF', NULL, NULL, '', ''),
(388, 185314041, 'BAYU RESTU ADJI', NULL, '', 'AKTIF', NULL, NULL, '', ''),
(389, 185314042, 'IVAN KURNIAWAN', NULL, '', 'AKTIF', NULL, NULL, '', ''),
(390, 185314043, 'BERNADS BAGASKARA WAYANTO', NULL, '', 'AKTIF', NULL, NULL, '', ''),
(391, 185314044, 'WAYAN EGY MARTEJA', NULL, '', 'AKTIF', NULL, NULL, '', ''),
(392, 185314045, 'RAJENDRA LUBDHAKA MURTI', NULL, '', 'AKTIF', NULL, NULL, '', ''),
(393, 185314046, 'JODHI ADI MAHENDRA', NULL, '', 'AKTIF', NULL, NULL, '', ''),
(394, 185314047, 'ANDREAS EVAN SANTOSO', NULL, '', 'AKTIF', NULL, NULL, '', ''),
(395, 185314048, 'STEPHANUS FELIX SURYANTO', NULL, '', 'AKTIF', NULL, NULL, '', ''),
(396, 185314049, 'MARINA SUPPU LANGI', NULL, '', 'AKTIF', NULL, NULL, '', ''),
(397, 185314050, 'BIONDY TIMOTHY', NULL, '', 'AKTIF', NULL, NULL, '', ''),
(398, 185314051, 'BAGUS TRI GULARSO', NULL, '', 'AKTIF', NULL, NULL, '', ''),
(399, 185314052, 'FERNANDO LISTANTOKO', NULL, '', 'AKTIF', NULL, NULL, '', ''),
(400, 185314053, 'IGNASIUS TAGAST KRISNAPUTRA', NULL, '', 'AKTIF', NULL, NULL, '', ''),
(401, 185314054, 'DRAJAT WIDYA KURNIAWAN', NULL, '', 'AKTIF', NULL, NULL, '', ''),
(402, 185314055, 'HIERONIMUS ANGGIT TABA', NULL, '', 'AKTIF', NULL, NULL, '', ''),
(403, 185314056, 'YESAYA RAHUTAMA SATRIA JATI', NULL, '', 'AKTIF', NULL, NULL, '', ''),
(404, 185314057, 'ROMANUS DARMA', NULL, '', 'AKTIF', NULL, NULL, '', ''),
(405, 185314058, 'YOHANES DANI PRATAMA RAHADIANTO', NULL, '', 'AKTIF', NULL, NULL, '', ''),
(406, 185314059, 'GRACELLA ANGELICA EKARIATI PATIUNG', NULL, '', 'AKTIF', NULL, NULL, '', ''),
(407, 185314060, 'WAHYU GALANG ARLIANSYAH', NULL, '', 'AKTIF', NULL, NULL, '', ''),
(408, 185314061, 'DIAN PUTRA ANUGRAH S.B', NULL, '', 'AKTIF', NULL, NULL, '', ''),
(409, 185314062, 'LIDWINA RATIH TRI WULANDARI', NULL, '', 'AKTIF', NULL, NULL, '', ''),
(410, 185314063, 'EVARISTA IRIANTI', NULL, '', 'AKTIF', NULL, NULL, '', ''),
(411, 185314064, 'CINDY YUDHITA MASSUDI', NULL, '', 'AKTIF', NULL, NULL, '', ''),
(412, 185314065, 'YOSEPH ARGA BAGASKARA', NULL, '', 'AKTIF', NULL, NULL, '', ''),
(413, 185314066, 'ROY GABE SITOMORANG', NULL, '', 'AKTIF', NULL, NULL, '', ''),
(414, 185314067, 'FELISITAS GEA NANDA ELVIONA', NULL, '', 'AKTIF', NULL, NULL, '', ''),
(415, 185314068, 'DANIEL DEWANTO', NULL, '', 'AKTIF', NULL, NULL, '', ''),
(416, 185314069, 'YOLENDES HERMADI DANDI', NULL, '', 'AKTIF', NULL, NULL, '', ''),
(417, 185314070, 'PETRUS GALANG ANDRIANTO', NULL, '', 'AKTIF', NULL, NULL, '', ''),
(418, 185314071, 'RESKY NOVALIANDY', NULL, '', 'AKTIF', NULL, NULL, '', ''),
(419, 185314072, 'GEORGE JUSEN', NULL, '', 'AKTIF', NULL, NULL, '', ''),
(420, 185314073, 'KAROLINA NOVERISKA', NULL, '', 'AKTIF', NULL, NULL, '', ''),
(421, 185314074, 'MONICA YESONIA', NULL, '', 'AKTIF', NULL, NULL, '', ''),
(422, 185314075, 'RAMOT YUSTIAN HALIM PASARIBU', NULL, '', 'AKTIF', NULL, NULL, '', ''),
(423, 185314076, 'CORNELIA NAYKIM', NULL, '', 'AKTIF', NULL, NULL, '', ''),
(424, 185314077, 'DEWI', NULL, '', 'AKTIF', NULL, NULL, '', ''),
(425, 185314078, 'PUTU DIKI CHANDRA', NULL, '', 'AKTIF', NULL, NULL, '', ''),
(426, 185314079, 'GERARDUS ARLY SETIAWAN', NULL, '', 'AKTIF', NULL, NULL, '', ''),
(427, 185314080, 'CINTYA CLAUDYA', NULL, '', 'AKTIF', NULL, NULL, '', ''),
(428, 185314081, 'ANASTHASYA MILLENIA PULUNGAN', NULL, '', 'AKTIF', NULL, NULL, '', ''),
(429, 185314082, 'MICHAEL DANI KOGOYA', NULL, '', 'AKTIF', NULL, NULL, '', ''),
(430, 185314083, 'BONIFATIUS CHOSHE MANGGALA PUTRA', NULL, '', 'AKTIF', NULL, NULL, '', ''),
(431, 185314084, 'YOHANES DEMAS ZANDRO NOVANTA', NULL, '', 'AKTIF', NULL, NULL, '', ''),
(432, 185314085, 'EDUARDUS ERIK', NULL, '', 'AKTIF', NULL, NULL, '', ''),
(433, 185314086, 'DAMIANUS HALILINTAR', NULL, '', 'AKTIF', NULL, NULL, '', ''),
(434, 185314087, 'ROBERTO DANIEL PASARIBU', NULL, '', 'AKTIF', NULL, NULL, '', ''),
(435, 185314088, 'STEFANUS HARDIKI KARDOS', NULL, '', 'AKTIF', NULL, NULL, '', ''),
(436, 185314089, 'DESY RAMADHANI RUMBOU', NULL, '', 'AKTIF', NULL, NULL, '', ''),
(437, 185314090, 'VITUS DAMA JIVANOV', NULL, '', 'AKTIF', NULL, NULL, '', ''),
(438, 185314091, 'SHINE CROSSIFIXIO SIANTURI', NULL, '', 'AKTIF', NULL, NULL, '', ''),
(439, 185314092, 'NESTA LAKSANA DANISWARA', NULL, '', 'AKTIF', NULL, NULL, '', ''),
(440, 185314093, 'KRISTIAN ARYANTO WIBOWO', NULL, '', 'AKTIF', NULL, NULL, '', ''),
(441, 185314094, 'ALEXANDRA VELMAS DUMATUBUN', NULL, '', 'AKTIF', NULL, NULL, '', ''),
(442, 185314095, 'ANTONIUS BAGUS HENDI SAPUTRO', NULL, '', 'AKTIF', NULL, NULL, '', ''),
(443, 185314096, 'TIANSI MIRANDA SITINJAK', NULL, '', 'AKTIF', NULL, NULL, '', ''),
(444, 185314097, 'YOGI ERNESTO SIREKEN', NULL, '', 'AKTIF', NULL, NULL, '', ''),
(445, 185314098, 'FAJAR WASKITO', NULL, '', 'AKTIF', NULL, NULL, '', ''),
(446, 185314099, 'RIZKY STEVANUS HAMONANGAN BUTAR BUTAR', NULL, '', 'AKTIF', NULL, NULL, '', ''),
(447, 185314100, 'SANGAJI IHSAN NURKHOLIS', NULL, '', 'AKTIF', NULL, NULL, '', ''),
(448, 185314101, 'YUDHA ADHI PANGESTU', NULL, '', 'AKTIF', NULL, NULL, '', ''),
(449, 185314102, 'NUR WIKAHA MEIDY BROMOZA HS', NULL, '', 'AKTIF', NULL, NULL, '', ''),
(450, 185314103, 'AGUSTINUS DENISIUS YEUYANAN', NULL, '', 'AKTIF', NULL, NULL, '', ''),
(451, 185314104, 'YOLANTA NASTASIA NOU DOPO', NULL, '', 'AKTIF', NULL, NULL, '', ''),
(452, 185314105, 'TEOFILUS ALFANO DESWANDA', NULL, '', 'AKTIF', NULL, NULL, '', ''),
(453, 185314107, 'CALVIN EKAYANA', NULL, '', 'AKTIF', NULL, NULL, '', ''),
(454, 185314108, 'PHILIPUS AGRI ADHIATMA', NULL, '', 'AKTIF', NULL, NULL, '', ''),
(455, 185314109, 'PRISCILLA ANGELLA INDRIANI.T.DERU', NULL, '', 'AKTIF', NULL, NULL, '', ''),
(456, 185314110, 'NIDYA MUFLIHASARI', NULL, '', 'AKTIF', NULL, NULL, '', ''),
(457, 185314111, 'KENNY GILBERT', NULL, '', 'AKTIF', NULL, NULL, '', ''),
(458, 185314112, 'BANU NAI NGALIS', NULL, '', 'AKTIF', NULL, NULL, '', ''),
(459, 185314113, 'ANDRIY GABRIELO BASTIANTO', NULL, '', 'AKTIF', NULL, NULL, '', ''),
(460, 185314114, 'AGUSTINA BUDI STEVANI', NULL, '', 'AKTIF', NULL, NULL, '', ''),
(461, 185314115, 'GERARDUS MAJELLA HANGGER ANOM KASWOROJATI', NULL, '', 'AKTIF', NULL, NULL, '', ''),
(462, 185314116, 'D. AGUNG DANARIYANTO', NULL, '', 'AKTIF', NULL, NULL, '', ''),
(463, 185314117, 'DESI DERIUS MILLENIYO ROWANDA', NULL, '', 'AKTIF', NULL, NULL, '', ''),
(464, 185314118, 'RADIT AGATHA PRAKOSO', NULL, '', 'AKTIF', NULL, NULL, '', ''),
(465, 185314119, 'OKTA SETYA PUTRA AGUSTIN', NULL, '', 'AKTIF', NULL, NULL, '', ''),
(466, 185314120, 'NOVIYAN IMAM ARIFIN', NULL, '', 'AKTIF', NULL, NULL, '', ''),
(467, 185314121, 'FRANCISKUS HENDARDI', NULL, '', 'AKTIF', NULL, NULL, '', ''),
(468, 185314122, 'LAURENSIUS FERDINAN PUTRA NUGROHO', NULL, '', 'AKTIF', NULL, NULL, '', ''),
(469, 185314123, 'YULIA ARTHA ROSARI', NULL, '', 'AKTIF', NULL, NULL, '', ''),
(470, 185314124, 'GREGORIUS YURISTAMA NUGRAHA', NULL, '', 'AKTIF', NULL, NULL, '', ''),
(471, 185314125, 'DYLINE MELYNEA FERNANDEZ', NULL, '', 'AKTIF', NULL, NULL, '', ''),
(472, 185314126, 'RAKA PRIMANDA PUTRA', NULL, '', 'AKTIF', NULL, NULL, '', ''),
(473, 185314127, 'DEAN CHRISTIANANDA ALFA WIBOWO SILITONGA', NULL, '', 'AKTIF', NULL, NULL, '', ''),
(474, 185314128, 'LAURA FALENCIA OKTAVIA PANGARIBUAN', NULL, '', 'AKTIF', NULL, NULL, '', ''),
(475, 185314129, 'PRILY ADISAPUTRA RUBAKLANGI\'', NULL, '', 'AKTIF', NULL, NULL, '', ''),
(476, 185314130, 'GREGORIUS ARYO DWIATMOJO', NULL, '', 'AKTIF', NULL, NULL, '', ''),
(477, 185314131, 'ARNOLDUS HARYANTO GARUM', NULL, '', 'AKTIF', NULL, NULL, '', ''),
(478, 185314132, 'STEVANI MARIA MEILISSA SAPCA SAGURUNG', NULL, '', 'AKTIF', NULL, NULL, '', ''),
(479, 185314133, 'NATANAEL LUMEN CHRISTY', NULL, '', 'AKTIF', NULL, NULL, '', ''),
(480, 185314134, 'YOSAFAT YOAKIM KURNIA', NULL, '', 'AKTIF', NULL, NULL, '', ''),
(481, 185314135, 'DHARU JIWO PAMBUDI', NULL, '', 'AKTIF', NULL, NULL, '', ''),
(482, 185314136, 'I GUSTI NGURAH ASTIKA PRADNYANA DALEM', NULL, '', 'AKTIF', NULL, NULL, '', ''),
(483, 185314137, 'MARCHELIENE MIRYASTRI BOLO', NULL, '', 'AKTIF', NULL, NULL, '', ''),
(484, 185314138, 'PRIMA ELISA SEGU', NULL, '', 'AKTIF', NULL, NULL, '', ''),
(485, 185314139, 'RADEN MICHAEL MAHIRSYA UMBA HARDIPUTRA', NULL, '', 'AKTIF', NULL, NULL, '', ''),
(486, 185314140, 'FEBIOLA FIRSTNANDA DAW', NULL, '', 'AKTIF', NULL, NULL, '', ''),
(487, 185314141, 'ALLYSA AMEIDYA SEKARANI', NULL, '', 'AKTIF', NULL, NULL, '', ''),
(488, 185314142, 'DIMAS RESTU PAMUNGKAS', NULL, '', 'AKTIF', NULL, NULL, '', ''),
(489, 185314143, 'HERMINA DAI WADAN', NULL, '', 'AKTIF', NULL, NULL, '', ''),
(490, 185314144, 'ELFAN IOBINA VISKI PURBA', NULL, '', 'AKTIF', NULL, NULL, '', ''),
(491, 185314145, 'PASKALIS MELONIUS MOLO', NULL, '', 'AKTIF', NULL, NULL, '', ''),
(492, 185314146, 'KATHYCIA', NULL, '', 'AKTIF', NULL, NULL, '', ''),
(493, 185314147, 'CHORNELIA CHRISENTYA DEVI', NULL, '', 'AKTIF', NULL, NULL, '', ''),
(494, 185314012, 'YOHANES BABTISTA DAVID RAHARDITYA', NULL, '', 'AKTIF', NULL, NULL, '', ''),
(495, 195314121, 'FELIX ALDEN NUGROHO', NULL, '', 'AKTIF', NULL, NULL, '', ''),
(496, 195314122, 'VIRGINANDO KEVIN BON', NULL, '', 'AKTIF', NULL, NULL, '', ''),
(497, 195314123, 'HENDRA DARMAWAN SELOKOPUTRA', NULL, '', 'AKTIF', NULL, NULL, '', ''),
(498, 195314124, 'OKTAVIANUS ARISKI', NULL, '', 'AKTIF', NULL, NULL, '', ''),
(499, 195314125, 'YOSEFINO MARIO FERNANDO WITIN', NULL, '', 'AKTIF', NULL, NULL, '', ''),
(500, 195314126, 'DESCHA REGINA CAELI', NULL, '', 'AKTIF', NULL, NULL, '', ''),
(501, 195314127, 'CHRISTOFER', NULL, '', 'AKTIF', NULL, NULL, '', ''),
(502, 195314128, 'NI PUTU SANTI TAMARA TITI KENCANA', NULL, '', 'AKTIF', NULL, NULL, '', ''),
(503, 195314129, 'MODESTA YOLANDA CHRISTI', NULL, '', 'AKTIF', NULL, NULL, '', ''),
(504, 195314130, 'ALFRIDO MARIO MANIKIN', NULL, '', 'AKTIF', NULL, NULL, '', ''),
(505, 195314131, 'MICHAEL DIMAS SURYA ABDI', NULL, '', 'AKTIF', NULL, NULL, '', ''),
(506, 195314132, 'AURELIUS ARIA BARAS PANYAPA', NULL, '', 'AKTIF', NULL, NULL, '', ''),
(507, 195314133, 'BARA SUKAMADEWA', NULL, '', 'AKTIF', NULL, NULL, '', ''),
(508, 195314134, 'LIDYA VEBIOLA ADA\'', NULL, '', 'AKTIF', NULL, NULL, '', ''),
(509, 195314135, 'JERICO MULIA PATEBONG', NULL, '', 'AKTIF', NULL, NULL, '', ''),
(510, 195314136, 'ANGELA MERICI FEBRINADIA', NULL, '', 'AKTIF', NULL, NULL, '', ''),
(511, 195314137, 'JONATHAN KHOBARAJI WICAKSONO', NULL, '', 'AKTIF', NULL, NULL, '', ''),
(512, 195314138, 'ADRIANUS PANJAITAN', NULL, '', 'AKTIF', NULL, NULL, '', ''),
(513, 195314139, 'ARY MAHOT TUA RUMAPEA', NULL, '', 'AKTIF', NULL, NULL, '', ''),
(514, 195314140, 'RICARDO CLINTON SIHOTANG', NULL, '', 'AKTIF', NULL, NULL, '', ''),
(515, 195314181, 'FEBRINA DAYANTI SIHOMBING', NULL, '', 'AKTIF', NULL, NULL, '', ''),
(516, 125314129, 'FEBRY RENALDY', NULL, '', 'AKTIF', NULL, NULL, '', ''),
(517, 195314141, 'SEBASTIAN IRVANDO TULUS. S', NULL, '', 'AKTIF', NULL, NULL, '', ''),
(518, 195314142, 'AUDY VALENTIANO', NULL, '', 'AKTIF', NULL, NULL, '', ''),
(519, 195314143, 'QUIEDO RAFAEL BILLIK', NULL, '', 'AKTIF', NULL, NULL, '', ''),
(520, 195314144, 'AGRY GRACEL LOLONGAN', NULL, '', 'AKTIF', NULL, NULL, '', ''),
(521, 195314145, 'MUHAMMAD IMAM SYAHPUTRA', NULL, '', 'AKTIF', NULL, NULL, '', ''),
(522, 195314146, 'PAGUH ESATRIO', NULL, '', 'AKTIF', NULL, NULL, '', ''),
(523, 195314147, 'ANDREAS SITINJAK', NULL, '', 'AKTIF', NULL, NULL, '', ''),
(524, 195314148, 'GABRIEL KRISETYANTO WICAKSONO', NULL, '', 'AKTIF', NULL, NULL, '', ''),
(525, 195314149, 'MARIA OKTAVIANI', NULL, '', 'AKTIF', NULL, NULL, '', ''),
(526, 195314150, 'RIFENIGEL MAHENKA NARAHAWARIN', NULL, '', 'AKTIF', NULL, NULL, '', ''),
(527, 195314161, 'VIRGINIA SEPTRINITA ISABEL GINTING', NULL, '', 'AKTIF', NULL, NULL, '', ''),
(528, 195314162, 'GITANJALI MAYRA EKARINI', NULL, '', 'AKTIF', NULL, NULL, '', ''),
(529, 195314163, 'WILKY ADITIA PRATAMA PASANG', NULL, '', 'AKTIF', NULL, NULL, '', ''),
(530, 195314164, 'NOVITA AYU DWI NUGRAHENI', NULL, '', 'AKTIF', NULL, NULL, '', ''),
(531, 195314165, 'MICHELL ANGEL PATRICIA', NULL, '', 'AKTIF', NULL, NULL, '', ''),
(532, 195314166, 'KEVIN APUL MARSAGU LBN. GAOL', NULL, '', 'AKTIF', NULL, NULL, '', ''),
(533, 195314167, 'AXEL FRANS SILALAHI', NULL, '', 'AKTIF', NULL, NULL, '', ''),
(534, 195314168, 'MARIO YULIANTO SETIADI', NULL, '', 'AKTIF', NULL, NULL, '', ''),
(535, 195314169, 'DANIEL SAITULUS MARBUN', NULL, '', 'AKTIF', NULL, NULL, '', ''),
(536, 195314170, 'S. RAJA NATAL P. PURBA', NULL, '', 'AKTIF', NULL, NULL, '', ''),
(537, 195314001, 'PAULUS EDWIN FERDIAN TRIPUTRA ISWARA', NULL, '', 'AKTIF', NULL, NULL, '', ''),
(538, 195314002, 'LOUIS JOSEPHUM PINASTIKA', NULL, '', 'AKTIF', NULL, NULL, '', ''),
(539, 195314003, 'ARIEF PARULIAN NADAPDAP', NULL, '', 'AKTIF', NULL, NULL, '', ''),
(540, 195314004, 'PASCALINUS FERNANDO WIDYATAMA', NULL, '', 'AKTIF', NULL, NULL, '', ''),
(541, 195314005, 'YOSEPHINE YESTIA DIANA', NULL, '', 'AKTIF', NULL, NULL, '', ''),
(542, 195314006, 'GUIDO MARIO ENNO EPRILIANO', NULL, '', 'AKTIF', NULL, NULL, '', ''),
(543, 195314007, 'I MADE PARAMARTHA SATHYA', NULL, '', 'AKTIF', NULL, NULL, '', ''),
(544, 195314008, 'GENESIS AKAR', NULL, '', 'AKTIF', NULL, NULL, '', ''),
(545, 195314009, 'MARGARETA NAVI PRIMADANI', NULL, '', 'AKTIF', NULL, NULL, '', ''),
(546, 195314010, 'FRISTA DEA', NULL, '', 'AKTIF', NULL, NULL, '', ''),
(547, 195314011, 'RICHIE SURYA WIJAYA', NULL, '', 'AKTIF', NULL, NULL, '', ''),
(548, 195314013, 'EDWARD WIJAYA', NULL, '', 'AKTIF', NULL, NULL, '', ''),
(549, 195314014, 'STEFANUS REFI WARDANA', NULL, '', 'AKTIF', NULL, NULL, '', ''),
(550, 195314015, 'MARIA INA MARAN', NULL, '', 'AKTIF', NULL, NULL, '', ''),
(551, 195314016, 'HIERONYMUS EMILIANUS KURNIAWAN KARTIKA KUNCORO JATI', NULL, '', 'AKTIF', NULL, NULL, '', ''),
(552, 195314017, 'ROSALINA WINDA PRATIWI', NULL, '', 'AKTIF', NULL, NULL, '', ''),
(553, 195314018, 'TIMOTIUS MARISJOY PANDAPOTAN MARPAUNG', NULL, '', 'AKTIF', NULL, NULL, '', ''),
(554, 195314019, 'YULIUS ARIAN TRI RAHMAPUTRA', NULL, '', 'AKTIF', NULL, NULL, '', ''),
(555, 195314020, 'DIONISIUS GIGIH SANGKESWARA', NULL, '', 'AKTIF', NULL, NULL, '', ''),
(556, 195314021, 'VICKY DINI PRAKASIWI', NULL, '', 'AKTIF', NULL, NULL, '', ''),
(557, 195314022, 'ARIYADI VINO', NULL, '', 'AKTIF', NULL, NULL, '', ''),
(558, 195314023, 'FABIAN ANDRE FAJAR HERMANTO', NULL, '', 'AKTIF', NULL, NULL, '', ''),
(559, 195314024, 'MARIS RIEMANA', NULL, '', 'AKTIF', NULL, NULL, '', ''),
(560, 195314025, 'KENNY ARIADI', NULL, '', 'AKTIF', NULL, NULL, '', ''),
(561, 195314026, 'PATRISSIO AGUNG WISANGGENI. S', NULL, '', 'AKTIF', NULL, NULL, '', ''),
(562, 195314027, 'DEUSDEDIT PIERE PRATAMA BETANG', NULL, '', 'AKTIF', NULL, NULL, '', ''),
(563, 195314028, 'DARIA WOJTYLA PERADA ATULOLON', NULL, '', 'AKTIF', NULL, NULL, '', ''),
(564, 195314029, 'JESSICA JULIANI GIHARTO', NULL, '', 'AKTIF', NULL, NULL, '', ''),
(565, 195314030, 'KORNELIUS THEOSAN WIJAYANTO', NULL, '', 'AKTIF', NULL, NULL, '', ''),
(566, 195314031, 'KATHARINA TYAS APRILIA', NULL, '', 'AKTIF', NULL, NULL, '', ''),
(567, 195314032, 'STEFANUS NOTARIO CHRISTIANS', NULL, '', 'AKTIF', NULL, NULL, '', ''),
(568, 195314033, 'MARCELLINUS FAJAR ADI NUGRAHA', NULL, '', 'AKTIF', NULL, NULL, '', ''),
(569, 195314034, 'ANDREAS GUSNAFREDO NUGRAOKTA', NULL, '', 'AKTIF', NULL, NULL, '', ''),
(570, 195314035, 'BELLA RODEWANI RAHAYU PURBA', NULL, '', 'AKTIF', NULL, NULL, '', ''),
(571, 195314036, 'MARGARETA SELVIA', NULL, '', 'AKTIF', NULL, NULL, '', ''),
(572, 195314037, 'YOHANES KALISJATI WIJAYA KUSUMA', NULL, '', 'AKTIF', NULL, NULL, '', ''),
(573, 195314038, 'WILBERT CHRISTOPHER', NULL, '', 'AKTIF', NULL, NULL, '', ''),
(574, 195314039, 'BERNARDUS ENRICO GIOVANNI PRABASWARA', NULL, '', 'AKTIF', NULL, NULL, '', ''),
(575, 195314040, 'MARIA YASINTHA BETAN', NULL, '', 'AKTIF', NULL, NULL, '', ''),
(576, 195314041, 'KEVIN CASTIGLIANO AIPASSA', NULL, '', 'AKTIF', NULL, NULL, '', ''),
(577, 195314042, 'DIONISIUS ANDREAN SIHOMBING', NULL, '', 'AKTIF', NULL, NULL, '', ''),
(578, 195314043, 'EVAN CHRISANDYA NUGROHO', NULL, '', 'AKTIF', NULL, NULL, '', ''),
(579, 195314044, 'REVIANDY NOVAN TIKUPADANG', NULL, '', 'AKTIF', NULL, NULL, '', ''),
(580, 195314045, 'VISTA TANDIRERUNG', NULL, '', 'AKTIF', NULL, NULL, '', ''),
(581, 195314046, 'RINARDI BAGE LEMAU', NULL, '', 'AKTIF', NULL, NULL, '', ''),
(582, 195314047, 'SURYA VALENTHYNO MALLISA', NULL, '', 'AKTIF', NULL, NULL, '', ''),
(583, 195314048, 'STANISLAUS SURYO ANGGORO NUSWANTORO', NULL, '', 'AKTIF', NULL, NULL, '', ''),
(584, 195314049, 'KEVIN ALBERT NATH', NULL, '', 'AKTIF', NULL, NULL, '', ''),
(585, 195314050, 'SERAF NOFRIAN LAMBEY', NULL, '', 'AKTIF', NULL, NULL, '', ''),
(586, 195314051, 'FRANKLIN HIZKIA ROOROH', NULL, '', 'AKTIF', NULL, NULL, '', ''),
(587, 195314052, 'NATANAEL AUSTIN AUGUST NUGROHO', NULL, '', 'AKTIF', NULL, NULL, '', ''),
(588, 195314053, 'DAVID WIJAYA', NULL, '', 'AKTIF', NULL, NULL, '', ''),
(589, 195314054, 'PASCALIS PRADANI SINDHUNATA', NULL, '', 'AKTIF', NULL, NULL, '', ''),
(590, 195314055, 'DOMISIUS ADVEN PEMANDI', NULL, '', 'AKTIF', NULL, NULL, '', ''),
(591, 195314056, 'STEFANUS DAMAR PUTRA FAJAR BAGAS PRASETYA', NULL, '', 'AKTIF', NULL, NULL, '', ''),
(592, 195314057, 'MARIA YUBELA CHELSEA', NULL, '', 'AKTIF', NULL, NULL, '', ''),
(593, 195314058, 'BERNADETHA MEGA DEVINA AYUNINGTYAS', NULL, '', 'AKTIF', NULL, NULL, '', ''),
(594, 195314059, 'ANGELA ASSETA PROFITASARI', NULL, '', 'AKTIF', NULL, NULL, '', ''),
(595, 195314060, 'MARIA GORETTI ONI SARAS WIDYAS', NULL, '', 'AKTIF', NULL, NULL, '', ''),
(596, 135314071, 'DANIEL CRIST ANDRE SAPUTRA NYAMPAI', NULL, '', 'AKTIF', NULL, NULL, '', ''),
(597, 195314061, 'CRISTIANSEN GENARO', NULL, '', 'AKTIF', NULL, NULL, '', ''),
(598, 195314062, 'KRISNA GEOPAMA', NULL, '', 'AKTIF', NULL, NULL, '', ''),
(599, 195314063, 'DWI OKTA PRINASTI', NULL, '', 'AKTIF', NULL, NULL, '', ''),
(600, 195314064, 'KEVIN SILVANUS HUTABARAT', NULL, '', 'AKTIF', NULL, NULL, '', ''),
(601, 195314065, 'PASKALIA STEFANIA GELU SOGEN', NULL, '', 'AKTIF', NULL, NULL, '', ''),
(602, 195314066, 'CHRISTOPHANY REPTI SEKARSARI', NULL, '', 'AKTIF', NULL, NULL, '', ''),
(603, 195314067, 'SHANDRO MARCELINO', NULL, '', 'AKTIF', NULL, NULL, '', ''),
(604, 195314068, 'YOHANES HADI PRADITYA', NULL, '', 'AKTIF', NULL, NULL, '', ''),
(605, 195314069, 'GENIE YOEL SIAGIAN', NULL, '', 'AKTIF', NULL, NULL, '', ''),
(606, 195314070, 'ERNESTUS EPI SERAN', NULL, '', 'AKTIF', NULL, NULL, '', ''),
(607, 195314071, 'REZA ADI SAMPURNA', NULL, '', 'AKTIF', NULL, NULL, '', ''),
(608, 195314072, 'EUNIKE QUEEN KRISTANTI PRANANINGTYAS', NULL, '', 'AKTIF', NULL, NULL, '', ''),
(609, 195314073, 'YOSEPH LANDUNG RESI SANGADA', NULL, '', 'AKTIF', NULL, NULL, '', ''),
(610, 195314074, 'DIAN ANGELINA TEACHER', NULL, '', 'AKTIF', NULL, NULL, '', ''),
(611, 195314075, 'MARGARETA ROSMEINI NANGUR', NULL, '', 'AKTIF', NULL, NULL, '', ''),
(612, 195314076, 'PUTRA TIMBUL SASONGKO', NULL, '', 'AKTIF', NULL, NULL, '', ''),
(613, 195314077, 'SESARIA WINANDA TITIS RANI', NULL, '', 'AKTIF', NULL, NULL, '', ''),
(614, 195314078, 'MARCELLINUS R. K', NULL, '', 'AKTIF', NULL, NULL, '', '');
INSERT INTO `mahasiswa` (`idMahasiswa`, `nim`, `nama`, `dpa`, `minat`, `status`, `ipk`, `sks`, `dosbing`, `dosbing1`) VALUES
(615, 195314079, 'JUAN VETRIC CHRISTIAN ARITONANG', NULL, '', 'AKTIF', NULL, NULL, '', ''),
(616, 195314080, 'ELKANA KRISTUADJI', NULL, '', 'AKTIF', NULL, NULL, '', '');

-- --------------------------------------------------------

--
-- Table structure for table `makul`
--

CREATE TABLE `makul` (
  `idMakul` int(11) NOT NULL,
  `kodeMakul` varchar(255) NOT NULL,
  `tipeMakul` varchar(255) NOT NULL,
  `nama` varchar(255) NOT NULL,
  `tahun` varchar(255) NOT NULL,
  `semester` varchar(255) NOT NULL,
  `ruangan` varchar(255) NOT NULL,
  `kelas` varchar(255) NOT NULL,
  `kapasitas` varchar(255) NOT NULL
) ENGINE=InnoDB DEFAULT CHARSET=latin1;

--
-- Dumping data for table `makul`
--

INSERT INTO `makul` (`idMakul`, `kodeMakul`, `tipeMakul`, `nama`, `tahun`, `semester`, `ruangan`, `kelas`, `kapasitas`) VALUES
(1, '', '', 'Logika Matematika', '2019', 'GASAL', 'K.207', 'C', ''),
(2, '', '', 'Algorithm and Programming', '2017', 'GASAL', '', 'A', ''),
(3, '', '', 'Algoritma dan Pemrograman', '2017', 'GASAL', 'L.JK B FST', 'B', ''),
(4, '', '', 'Algoritma dan Pemrograman', '2017', 'GASAL', 'LKD.C FST', 'C', ''),
(5, '', '', 'Algoritma dan Pemrograman', '2017', 'GASAL', 'L.BD B FST', 'D', ''),
(6, '', '', 'Algoritma dan Pemrograman', '2017', 'GASAL', 'L.BD C FST', 'E', ''),
(7, '', '', 'Analisis Sosial', '2017', 'GASAL', 'K.207', 'A', ''),
(8, '', '', 'Analisis Sosial', '2017', 'GASAL', 'K.207', 'B', ''),
(9, '', '', 'Analisis Sosial', '2017', 'GASAL', 'K.204', 'C', ''),
(10, '', '', 'Bahasa Indonesia', '2017', 'GASAL', 'K.413', 'S', ''),
(11, '', '', 'Bahasa Inggris II', '2017', 'GASAL', 'K.204', 'A', ''),
(12, '', '', 'Bahasa Inggris II', '2017', 'GASAL', 'K.205', 'B', ''),
(13, '', '', 'Bahasa Inggris II', '2017', 'GASAL', 'K.204', 'C', ''),
(14, '', '', 'Bahasa Inggris II', '2017', 'GASAL', 'K.204', 'D', ''),
(15, '', '', 'Bahasa Inggris', '2017', 'GASAL', 'K.204', 'AD', ''),
(16, '', '', 'Bahasa Inggris', '2017', 'GASAL', 'K.204', 'AE', ''),
(17, '', '', 'Bahasa Inggris', '2017', 'GASAL', 'K.205', 'AF', ''),
(18, '', '', 'Bahasa Inggris', '2017', 'GASAL', 'K.207', 'M', ''),
(19, '', '', 'Bahasa Inggris', '2017', 'GASAL', 'K.204', 'X', ''),
(20, '', '', 'Aljabar Linear', '2017', 'GENAP', 'K.311', 'A', ''),
(21, '', '', 'Aljabar Linear', '2017', 'GENAP', 'K.414', 'B', ''),
(22, '', '', 'Analisis Kebutuhan Perangkat Lunak', '2017', 'GENAP', 'K.205', 'B', ''),
(23, '', '', 'Analisis Kebutuhan Perangkat Lunak', '2017', 'GENAP', 'K.207', 'C', ''),
(24, '', '', 'Analisis Proses Bisnis', '2017', 'GENAP', 'K.207', 'A', ''),
(25, '', '', 'Analisis Proses Bisnis', '2017', 'GENAP', 'K.207', 'AX', ''),
(26, '', '', 'Arsitektur dan Routing Internet', '2017', 'GENAP', 'L.JK C FST', 'A', ''),
(27, '', '', 'Basis Data Multimedia', '2017', 'GENAP', 'K.207', 'A', ''),
(28, '', '', 'Basis Data Multimedia', '2017', 'GENAP', 'L.BD B FST', 'B', ''),
(29, '', '', 'Basis Data Relasional Objek', '2017', 'GENAP', 'K.207', 'A', ''),
(30, '', '', 'Administrasi Basis Data', '2018', 'GASAL', 'L.BD B FST', 'A', ''),
(31, '', '', 'Administrasi Basis Data', '2018', 'GASAL', 'L.BD B FST', 'B', ''),
(32, '', '', 'Algoritma dan Pemrograman', '2018', 'GASAL', 'LKD.A FST', 'A', ''),
(33, '', '', 'Algoritma dan Pemrograman', '2018', 'GASAL', 'LKD.B FST', 'B', ''),
(34, '', '', 'Algoritma dan Pemrograman', '2018', 'GASAL', 'LKD.C FST', 'C', ''),
(35, '', '', 'Algoritma dan Pemrograman', '2018', 'GASAL', 'L.BD B FST', 'D', ''),
(36, '', '', 'Algoritma dan Pemrograman', '2018', 'GASAL', 'L.BD C FST', 'E', ''),
(37, '', '', 'Algoritma Optimisasi', '2018', 'GASAL', 'K.205', 'A', ''),
(38, '', '', 'Algoritma Optimisasi', '2018', 'GASAL', 'K.207', 'B', ''),
(39, '', '', 'Analisis dan Strategi Algoritma', '2018', 'GASAL', 'K.205', 'A', ''),
(40, '', '', 'Analisis dan Strategi Algoritma', '2018', 'GASAL', 'K.312', 'B', ''),
(41, '', '', 'Analisis dan Strategi Algoritma', '2018', 'GASAL', 'K.311', 'C', ''),
(42, '', '', 'Algoritma Optimisasi', '2018', 'GENAP', 'K.205', 'A', ''),
(43, '', '', 'Aljabar Linear', '2018', 'GENAP', 'L.BD C FST', 'A', ''),
(44, '', '', 'Aljabar Linear', '2018', 'GENAP', 'K.207', 'B', ''),
(45, '', '', 'Aljabar Linear', '2018', 'GENAP', 'K.311', 'C', ''),
(46, '', '', 'Analisis Kebutuhan Perangkat Lunak', '2018', 'GENAP', 'K.311', 'A', ''),
(47, '', '', 'Analisis Kebutuhan Perangkat Lunak', '2018', 'GENAP', 'L.BD C FST', 'B', ''),
(48, '', '', 'Analisis Kebutuhan Perangkat Lunak', '2018', 'GENAP', 'K.204', 'C', ''),
(49, '', '', 'Analisis Kebutuhan Perangkat Lunak', '2018', 'GENAP', 'LKD.C FST', 'D', ''),
(50, '', '', 'Analisis Proses Bisnis', '2018', 'GENAP', 'L.BD B FST', 'A', ''),
(51, '', '', 'Analisis Proses Bisnis', '2018', 'GENAP', 'L.BD B FST', 'B', ''),
(52, '', '', 'Analisis Proses Bisnis', '2018', 'GENAP', 'L.BD B FST', 'C', ''),
(53, '', '', 'Konsep dan Disain Basis Data', '2019', 'GASAL', 'K.207', 'A', ''),
(54, '', '', 'Konsep dan Disain Basis Data', '2019', 'GASAL', 'K.311', 'B', ''),
(55, '', '', 'Konsep dan Disain Basis Data', '2019', 'GASAL', 'K.204', 'C', ''),
(56, '', '', 'Konsep dan Disain Basis Data', '2019', 'GASAL', 'K.205', 'D', ''),
(57, '', '', 'Logika Matematika', '2019', 'GASAL', 'K.207', 'D', ''),
(58, '', '', 'Masa Depan Informatika', '2019', 'GASAL', 'K.204', 'A', ''),
(59, '', '', 'Matematika Diskret', '2019', 'GASAL', 'K.204', 'A', ''),
(60, '', '', 'Metode Numerik', '2019', 'GASAL', 'K.413', 'B', ''),
(61, '', '', 'Metodologi Penelitian', '2019', 'GASAL', 'K.312', 'C', ''),
(62, '', '', 'Pendidikan Kewarganegaraan', '2019', 'GASAL', 'I PGSD 1', 'F', ''),
(63, '', '', 'Pendidikan Pancasila', '2019', 'GASAL', 'K.413', 'P', ''),
(64, '', '', 'Probabilitas', '2019', 'GASAL', 'K.204', 'C', ''),
(65, '', '', 'Teologi Moral', '2019', 'GASAL', 'K.416', 'U', ''),
(66, '', '', 'Teologi Moral', '2019', 'GASAL', 'K.204', 'V', ''),
(67, '', '', 'Algoritma Optimisasi', '2019', 'GENAP', 'L.BD C FST', 'A', ''),
(68, '', '', 'Aljabar Linear', '2019', 'GENAP', 'K.204', 'A', ''),
(69, '', '', 'Aljabar Linear', '2019', 'GENAP', 'K.311', 'B', ''),
(70, '', '', 'Aljabar Linear', '2019', 'GENAP', 'K.312', 'C', ''),
(71, '', '', 'Analisis Kebutuhan Perangkat Lunak', '2019', 'GENAP', 'K.205', 'A', ''),
(72, '', '', 'Analisis Kebutuhan Perangkat Lunak', '2019', 'GENAP', 'K.205', 'B', ''),
(73, '', '', 'Analisis Kebutuhan Perangkat Lunak', '2019', 'GENAP', 'K.312', 'C', ''),
(74, '', '', 'Analisis Kebutuhan Perangkat Lunak', '2019', 'GENAP', 'K.312', 'D', ''),
(75, '', '', 'Analisis Kebutuhan Perangkat Lunak', '2019', 'GENAP', 'K.207', 'E', ''),
(76, '', '', 'Analisis Proses Bisnis', '2019', 'GENAP', 'L.BD B FST', 'A', ''),
(77, '', '', 'Analisis Proses Bisnis', '2019', 'GENAP', 'L.BD B FST', 'B', ''),
(78, '', '', 'Bahasa Indonesia', '2019', 'GENAP', 'II', 'L', ''),
(79, '', '', 'Bahasa Inggris', '2019', 'GENAP', 'K.304', 'G', ''),
(80, '', '', 'Bahasa Inggris', '2019', 'GENAP', 'K.313', 'M', '');

-- --------------------------------------------------------

--
-- Table structure for table `pendadaran`
--

CREATE TABLE `pendadaran` (
  `id` int(11) NOT NULL,
  `nim` varchar(255) NOT NULL,
  `nama` varchar(255) NOT NULL,
  `dosen1` varchar(255) NOT NULL,
  `dosen2` varchar(255) NOT NULL,
  `judul` varchar(255) NOT NULL,
  `reviewer` varchar(255) NOT NULL,
  `ketuaPenguji` varchar(255) NOT NULL,
  `sekretarisPenguji` varchar(225) NOT NULL,
  `anggotaPenguji` varchar(255) NOT NULL,
  `tanggal` varchar(255) NOT NULL,
  `durasi` varchar(255) NOT NULL,
  `ruang` varchar(255) NOT NULL,
  `keterangan` varchar(255) NOT NULL
) ENGINE=InnoDB DEFAULT CHARSET=latin1;

-- --------------------------------------------------------

--
-- Table structure for table `presensi`
--

CREATE TABLE `presensi` (
  `idPresensi` int(11) NOT NULL,
  `nim` int(11) NOT NULL,
  `nama` varchar(225) NOT NULL,
  `idMakul` int(11) NOT NULL,
  `idDosen` int(11) NOT NULL,
  `idRuangan` int(11) NOT NULL
) ENGINE=InnoDB DEFAULT CHARSET=latin1;

--
-- Dumping data for table `presensi`
--

INSERT INTO `presensi` (`idPresensi`, `nim`, `nama`, `idMakul`, `idDosen`, `idRuangan`) VALUES
(1, 145314089, 'ALFRIAN FERNANDO LAMAWURAN', 1, 1, 1),
(2, 155314047, 'NOVRI KARYADI SAHPUTRA', 1, 1, 1),
(3, 165314003, 'NANANG HIMAWAN FAUZI', 1, 1, 1),
(4, 165314017, 'FRANSISCUS XAVERIUS DHIMAS DWI RATNANTO', 1, 1, 1),
(5, 165314018, 'GESANG AGENG TRISAKTI', 1, 1, 1),
(6, 165314037, 'VERONICA MEIDITA SETYANI', 1, 1, 1),
(7, 165314047, 'YANUARIUS BASILIUS', 1, 1, 1),
(8, 165314050, 'KRISTIANUS YULI KURNIAWAN', 1, 1, 1),
(9, 165314053, 'FINSA ABRAHAM ALBIYANDA', 1, 1, 1),
(10, 165314060, 'STEFANUS KEVIN WICAKSONO', 1, 1, 1),
(11, 185314010, 'HERIBERTUS ARGANA RAJENDRA IVANTO', 1, 1, 1),
(12, 185314012, 'YOHANES BABTISTA DAVID RAHARDITYA', 1, 1, 1),
(13, 185314017, 'CHRISTIAN HERDANIO HADINISWORO', 1, 1, 1),
(14, 185314018, 'JUAN HENDRY ARTARICK', 1, 1, 1),
(15, 185314020, 'RAFAEL NANDA WIBISANA GOTRIE', 1, 1, 1),
(16, 185314023, 'VINCENTIUS DEOGA YOBE CHRISNATA', 1, 1, 1),
(17, 185314029, 'MARIA FELICIA', 1, 1, 1),
(18, 185314030, 'ANTONIUS DIGYO HENDARTO', 1, 1, 1),
(19, 185314075, 'RAMOT YUSTIAN HALIM PASARIBU', 1, 1, 1),
(20, 185314092, 'NESTA LAKSANA DANISWARA', 1, 1, 1),
(21, 185314096, 'TIANSI MIRANDA SITINJAK', 1, 1, 1),
(22, 185314097, 'YOGI ERNESTO SIREKEN', 1, 1, 1),
(23, 185314101, 'YUDHA ADHI PANGESTU', 1, 1, 1),
(24, 195314121, 'FELIX ALDEN NUGROHO', 1, 1, 1),
(25, 195314122, 'VIRGINANDO KEVIN BON', 1, 1, 1),
(26, 195314123, 'HENDRA DARMAWAN SELOKOPUTRA', 1, 1, 1),
(27, 195314124, 'OKTAVIANUS ARISKI', 1, 1, 1),
(28, 195314125, 'YOSEFINO MARIO FERNANDO WITIN', 1, 1, 1),
(29, 195314126, 'DESCHA REGINA CAELI', 1, 1, 1),
(30, 195314127, 'CHRISTOFER', 1, 1, 1),
(31, 195314128, 'NI PUTU SANTI TAMARA TITI KENCANA', 1, 1, 1),
(32, 195314129, 'MODESTA YOLANDA CHRISTI', 1, 1, 1),
(33, 195314130, 'ALFRIDO MARIO MANIKIN', 1, 1, 1),
(34, 195314131, 'MICHAEL DIMAS SURYA ABDI', 1, 1, 1),
(35, 195314132, 'AURELIUS ARIA BARAS PANYAPA', 1, 1, 1),
(36, 195314133, 'BARA SUKAMADEWA', 1, 1, 1),
(37, 195314134, 'LIDYA VEBIOLA ADA\'', 1, 1, 1),
(38, 195314135, 'JERICO MULIA PATEBONG', 1, 1, 1),
(39, 195314136, 'ANGELA MERICI FEBRINADIA', 1, 1, 1),
(40, 195314137, 'JONATHAN KHOBARAJI WICAKSONO', 1, 1, 1),
(41, 195314138, 'ADRIANUS PANJAITAN', 1, 1, 1),
(42, 195314139, 'ARY MAHOT TUA RUMAPEA', 1, 1, 1),
(43, 195314140, 'RICARDO CLINTON SIHOTANG', 1, 1, 1),
(44, 195314181, 'FEBRINA DAYANTI SIHOMBING', 1, 1, 1),
(45, 175314001, 'STEVAN TIOVANDI', 2, 2, 2),
(46, 175314002, 'EDRICK HERNANDO', 2, 2, 2),
(47, 175314003, 'MARKUS PATRIK SEKAITELES', 2, 2, 2),
(48, 175314004, 'CHRISTOPHER MATTEW HERMAN', 2, 2, 2),
(49, 175314005, 'NICHOLAS WIMBARA', 2, 2, 2),
(50, 175314006, 'AYUNA ARMONICA', 2, 2, 2),
(51, 175314007, 'IGNATIUS RIKO RINALDI', 2, 2, 2),
(52, 175314009, 'CHRISTIAN WIBOWO TRINUGROHO', 2, 2, 2),
(53, 175314010, 'GERVASIUS TARUSMAN', 2, 2, 2),
(54, 175314011, 'DESHA VIRIYA KSANTI PURNOMO', 2, 2, 2),
(55, 175314012, 'PHILIPUS CHEVIN JOANITO MAGAT', 2, 2, 2),
(56, 175314013, 'ALBERTUS IVAN ADYATMA MAHESWARA', 2, 2, 2),
(57, 175314015, 'I GEDE DIPAYANA', 2, 2, 2),
(58, 175314016, 'RENDY EKO PRAYOGO', 2, 2, 2),
(59, 175314018, 'WIRYAWAN SETYA NUGROHO', 2, 2, 2),
(60, 175314019, 'REYN KEVIN KILA', 2, 2, 2),
(61, 175314020, 'TANDRIANTO KOKO GUNAWAN', 2, 2, 2),
(62, 175314021, 'FLORIANUS SURYA KEVIN', 2, 2, 2),
(63, 175314022, 'FX DONI WAHYU SB', 2, 2, 2),
(64, 175314023, 'FELIX PRIHANTORO', 2, 2, 2),
(65, 175314024, 'DEVIDA AURELIA YACOB', 2, 2, 2),
(66, 175314025, 'TANGGUH PURWOAGIL', 2, 2, 2),
(67, 175314026, 'IKHSANUDIN NUGRAHA', 2, 2, 2),
(68, 175314027, 'MICHAEL ALVIAN DANISH PRASOJO', 2, 2, 2),
(69, 175314028, 'WAHYU WIJANARKO', 2, 2, 2),
(70, 175314029, 'EZEKIEL JUAN FILIPPO CAPPI ARSYADI', 2, 2, 2),
(71, 175314030, 'FLAVIANA ABRIANI HALIM', 2, 2, 2),
(72, 145314091, 'YOSEP TEKI NUGROHO', 3, 3, 3),
(73, 145314092, 'YOHANES DICKY MAHENDRA', 3, 3, 3),
(74, 145314094, 'JUNANDUS SIJABAT', 3, 3, 3),
(75, 175314031, 'WIRA DINATA', 3, 3, 3),
(76, 175314032, 'GALIH PRASETYA JATI', 3, 3, 3),
(77, 175314033, 'RIVAN ANANDITYA PRADANA', 3, 3, 3),
(78, 175314034, 'REENA SIMANIHURUK', 3, 3, 3),
(79, 175314035, 'WIBOWO CAHYONO', 3, 3, 3),
(80, 175314036, 'NOVI FITRI', 3, 3, 3),
(81, 175314037, 'SAFIRA NURTANTIA WILOPOJATI', 3, 3, 3),
(82, 175314038, 'JOSE PEDRO FEBIAN', 3, 3, 3),
(83, 175314039, 'ANDRI PRASETYO WIBOWO', 3, 3, 3),
(84, 175314040, 'MARIA SIMPLISIA WEA LAJA', 3, 3, 3),
(85, 175314041, 'ADVENTUS DIO', 3, 3, 3),
(86, 175314042, 'DANIEL FREDERIK', 3, 3, 3),
(87, 175314043, 'MIKHAEL SURYA PUSPITA JAYA', 3, 3, 3),
(88, 175314044, 'YUSUP HARIS PURNOMO', 3, 3, 3),
(89, 175314045, 'JOSEPH RIANDY PRATAMA HUTAGALUNG', 3, 3, 3),
(90, 175314046, 'M.IKHSAN ABIMANYU', 3, 3, 3),
(91, 175314047, 'FRANCISCA INTAN BERTIN', 3, 3, 3),
(92, 175314048, 'RENELDIS PUTRI TANGGU', 3, 3, 3),
(93, 175314049, 'RIVALDI ATMA DHINATA SEMBIRING', 3, 3, 3),
(94, 175314050, 'ANDREAS ALDYANTO NURA', 3, 3, 3),
(95, 175314051, 'SENDHY JAYA RAHARJA', 3, 3, 3),
(96, 135314014, 'YOHANES AGUNG NUGROHO', 3, 4, 4),
(97, 135314045, 'STANISLAUS ADRIAN CHRISNAMURTI', 3, 4, 4),
(98, 175314052, 'AGUNG KRISTANTO', 3, 4, 4),
(99, 175314053, 'MARSELINUS BAGAS PRIMADITIA', 3, 4, 4),
(100, 175314054, 'GEORGIUS FEBRYAN PRADANA', 3, 4, 4),
(101, 175314055, 'CLARA ANGGITA AYU SETYANINGRUM', 3, 4, 4),
(102, 175314056, 'OKKY YODI DWI PURWANTO', 3, 4, 4),
(103, 175314057, 'VIINCENTIUS HENDRI KURNIAWAN', 3, 4, 4),
(104, 175314058, 'ZEFANYA DEVENDRA PUTRI NGGANGGUS', 3, 4, 4),
(105, 175314059, 'FRANSISCO DIAZ ATMARESTANTO', 3, 4, 4),
(106, 175314076, 'FRISKO ADRIAN', 3, 4, 4),
(107, 175314077, 'RICHARDUS ALGA ADMAJA', 3, 4, 4),
(108, 175314078, 'GUIDO DIKA FIRGUSTON', 3, 4, 4),
(109, 175314079, 'MADE ARIVANDEGA WARNAWAN', 3, 4, 4),
(110, 175314080, 'HIERONIMUS FREDY MORGAN', 3, 4, 4),
(111, 175314081, 'IGNATIUS BENNY CHRISTIAN', 3, 4, 4),
(112, 175314082, 'ALBERTUS SATRIO BAYUAJI', 3, 4, 4),
(113, 175314083, 'IDA BAGUS YUDISTIRA PRAMA PUTRA', 3, 4, 4),
(114, 175314102, 'AMELIA PARAMITA INDAH PAKARTI', 3, 4, 4),
(115, 175314103, 'SYELEN KRISNANDA', 3, 4, 4),
(116, 175314104, 'YEHEZKIEL PURNOMO AJI', 3, 4, 4),
(117, 175314105, 'KAREL ARISTO', 3, 4, 4),
(118, 175314106, 'SANDRA YOSEBA SIBI', 3, 4, 4),
(119, 175314107, 'OKTA VADINDA PUTRI', 3, 4, 4),
(120, 175314108, 'KRESENSIANA PRISKALIA', 3, 4, 4),
(121, 175314109, 'GAGAS SAMPURRANA DAYA HEDOH', 3, 4, 4),
(122, 135314105, 'AMY THEODOSIUS NAINGGOLAN', 3, 5, 5),
(123, 175314008, 'NIKOLAUS HOSEA', 3, 5, 5),
(124, 175314014, 'CHRISTIAN NARWASTU DELE', 3, 5, 5),
(125, 175314017, 'PANJI LIBERTY PRATAMA HUAN', 3, 5, 5),
(126, 175314060, 'ATANASIUS IVANNOEL RIO AJI', 3, 5, 5),
(127, 175314061, 'BERLIN RAVELINO HUGO PADANG', 3, 5, 5),
(128, 175314062, 'AROOM PUTRI ISWARI', 3, 5, 5),
(129, 175314063, 'RIO PRADANA', 3, 5, 5),
(130, 175314064, 'STANISLAUS INDRO KENAA TUKAN', 3, 5, 5),
(131, 175314065, 'SIGIT PAMUNGKAS', 3, 5, 5),
(132, 175314066, 'BIONDI ADHITYO PRABOWO', 3, 5, 5),
(133, 175314084, 'GABRIEL RYAN PRIMA ADETIKA', 3, 5, 5),
(134, 175314085, 'ALOYSIUS ADYTYA ENDRYANA PUTRA', 3, 5, 5),
(135, 175314086, 'ROBERTUS YULIANTO', 3, 5, 5),
(136, 175314087, 'ABRAM', 3, 5, 5),
(137, 175314088, 'HARNITA DWI OKTAVANI', 3, 5, 5),
(138, 175314089, 'ELLEINA RETRI WAHYU PUSPITASARI', 3, 5, 5),
(139, 175314090, 'MARTIN PARAMARTA', 3, 5, 5),
(140, 175314091, 'ALDY PAMUNGKAS', 3, 5, 5),
(141, 175314110, 'CLAUDHEA ZITA LEGINA', 3, 5, 5),
(142, 175314111, 'GREGORIUS BRYAN OSALDI', 3, 5, 5),
(143, 175314112, 'FANI TRI HARSONO', 3, 5, 5),
(144, 175314113, 'REYNALDI RAMADHANI', 3, 5, 5),
(145, 175314114, 'JUANITA LISANDA', 3, 5, 5),
(146, 175314115, 'PERDAMAIAN HIA', 3, 5, 5),
(147, 175314116, 'ROSA TIRANDA', 3, 5, 5),
(148, 175314117, 'KATRINA NI LUH ARIYANTINI', 3, 5, 5),
(149, 165314117, 'PAULUS LEONARDO SETIA PRABOWO', 3, 6, 6),
(150, 175314067, 'YOHANES KEVIN WIJAYA', 3, 6, 6),
(151, 175314068, 'YOSEF GANJAR WICAKSONO', 3, 6, 6),
(152, 175314069, 'ERLYN AVIANDRY', 3, 6, 6),
(153, 175314070, 'YOGA JUSTISIO HARLEAWAN', 3, 6, 6),
(154, 175314071, 'EFRIYANI W. TARIGAN', 3, 6, 6),
(155, 175314072, 'INGGRID JAHA', 3, 6, 6),
(156, 175314073, 'WISNU SETYAWAN', 3, 6, 6),
(157, 175314074, 'DIONISIUS NOVEN JUANDIKA BINTANG', 3, 6, 6),
(158, 175314075, 'RAFAEL PASOPATI KRISNADWIPAYANA', 3, 6, 6),
(159, 175314092, 'MAHENDRA AULIA RAHMAN', 3, 6, 6),
(160, 175314093, 'DAMARIO ADITAMA NAVYLIO', 3, 6, 6),
(161, 175314094, 'CHRISTOPHORUS ARLENDITO DANOR SAPUTRO', 3, 6, 6),
(162, 175314095, 'FRANSISKA ANNALISA CHRISTIANA HOLLY', 3, 6, 6),
(163, 175314096, 'AGUSTINUS HANDAYA AJITAMA', 3, 6, 6),
(164, 175314097, 'BENEDIKTUS RONY AGUNG KUSUMA', 3, 6, 6),
(165, 175314099, 'YOSSA ANDIKA LAKSANA', 3, 6, 6),
(166, 175314100, 'THOMAS CHRISTIAN WICAKSONO', 3, 6, 6),
(167, 175314101, 'ERWINSYAH RICO AGUSTA', 3, 6, 6),
(168, 175314118, 'TONI TUMPAL SIMANULLANG', 3, 6, 6),
(169, 175314119, 'JESSYCA NOFANTY HAHURY', 3, 6, 6),
(170, 175314120, 'SATRIO DANURDORO', 3, 6, 6),
(171, 175314121, 'RAMA EKA PUTRANTO', 3, 6, 6),
(172, 175314122, 'AMELIA PUTRI CENDRAKASIH', 3, 6, 6),
(173, 175314123, 'KATARINA HARYANINGTYAS', 3, 6, 6),
(174, 175314124, 'FRANSISKA APRI WULANDARI', 3, 6, 6),
(175, 175314125, 'ARNOLDUS JANSSEN YUFIANTO', 3, 6, 6),
(176, 175314126, 'THOMAS DANI KURNIAWAN', 3, 6, 6),
(177, 175314127, 'ALEXANDER ADAM BAGASKARA', 3, 6, 6),
(178, 125314033, 'ARLEANDO MANGARA SIAGIAN', 7, 7, 7),
(179, 125314092, 'LAURENSIUS ANDIKA NOVEMBRI', 7, 7, 7),
(180, 145314015, 'ANGELA RINTAN NIRMALASINTA', 7, 7, 7),
(181, 145314055, 'CHRISTO TRI ADI KARA TJAHYA ALAM', 7, 7, 7),
(182, 155314002, 'ASIH SULISTYANI', 7, 7, 7),
(183, 155314009, 'JAVA SINDHARA', 7, 7, 7),
(184, 155314015, 'GERALDEV MANOAH', 7, 7, 7),
(185, 155314024, 'OSMOND GIOVANNI INDYAPUTRA', 7, 7, 7),
(186, 155314025, 'AGENDA YUDHA SAMUDRA', 7, 7, 7),
(187, 155314026, 'CHRISTIAN CAROLUS BAGAS PRADANA', 7, 7, 7),
(188, 155314033, 'GREGORIUS BIMA KHARISMA WICAKSANA', 7, 7, 7),
(189, 155314036, 'ANDITIO KURNIA WIJAYA', 7, 7, 7),
(190, 155314040, 'YULIUS ELFRISA DESANCOKO', 7, 7, 7),
(191, 155314043, 'IGNASIUS GAYOH ADI JAYA', 7, 7, 7),
(192, 155314044, 'YOSAFAT WILLY CHRISTIAN', 7, 7, 7),
(193, 155314046, 'FELLIA FEBRIANI', 7, 7, 7),
(194, 155314049, 'SALVATORE KIDUNG SIMADANU', 7, 7, 7),
(195, 155314050, 'BILY LESMANA', 7, 7, 7),
(196, 155314055, 'YOHANES PUTRANTO SURYO KUSUMO', 7, 7, 7),
(197, 155314060, 'PETRUS AGUNG WICAKSANA ENJANG GUMELAR', 7, 7, 7),
(198, 155314062, 'JERI FERDIANO', 7, 7, 7),
(199, 155314067, 'MEGA ANINDITA', 7, 7, 7),
(200, 155314074, 'RENTAH ASIH GALUH DEBORA ISSADHA', 7, 7, 7),
(201, 155314075, 'ANDREAS KEVIN FEBIANTO', 7, 7, 7),
(202, 155314097, 'TIMOTIUS AQUINO FEBRI WIDYASETYANTO', 7, 7, 7),
(203, 155314106, 'LEONARDUS PITER MAHENDRA', 7, 7, 7),
(204, 155314108, 'PAULUS BREMA HUTAGALUNG', 7, 7, 7),
(205, 155314110, 'JULIANA ENGELINA MANULLANG', 7, 7, 7),
(206, 155314007, 'YESY MAYANG SARI', 7, 7, 7),
(207, 155314008, 'ADRES KUSUMAWARDHANA', 7, 7, 7),
(208, 155314012, 'MIKHA ADMAWIJAYA', 7, 7, 7),
(209, 155314013, 'LAYUNG INDRA APRILIA', 7, 7, 7),
(210, 155314017, 'ALBERTHUS PRAMUDITO PUTRA BERNANTO', 7, 7, 7),
(211, 155314019, 'STANISLAUS RAFAEL BHAYU NUGROHO WIJANARKO', 7, 7, 7),
(212, 155314020, 'DIONISIUS TAUFAN ENGGAR INDRAJAYA', 7, 7, 7),
(213, 155314023, 'OKTAVIANUS ZENGGI SURYA PUTRANJAYA', 7, 7, 7),
(214, 155314027, 'PETER GIGIH TRIMULYO HADI', 7, 7, 7),
(215, 155314028, 'YUNUS IHSAN SETYAWAN', 7, 7, 7),
(216, 155314031, 'ANDREAS FEBRIANTO', 7, 7, 7),
(217, 155314038, 'MARTINUS TRI NUR CAHYONO', 7, 7, 7),
(218, 155314042, 'ANINDYA SABRINA PANGESTI', 7, 7, 7),
(219, 155314045, 'MONICA RINDA CHRISTANTO', 7, 7, 7),
(220, 155314047, 'NOVRI KARYADI SAHPUTRA', 7, 7, 7),
(221, 155314054, 'NATALIA AMBARWATI', 7, 7, 7),
(222, 155314063, 'NANDIEL DESEA ANDANA', 7, 7, 7),
(223, 155314076, 'DAVID PRASETYA ADI', 7, 7, 7),
(224, 155314078, 'JOEVIAN CAESARIO JUHARDI', 7, 7, 7),
(225, 155314091, 'ANINDIA ADYUTAWATI NUGRAHENI', 7, 7, 7),
(226, 155314092, 'LENDRA RIADY', 7, 7, 7),
(227, 155314094, 'JOSHUA BOANERGES TAMPI', 7, 7, 7),
(228, 155314095, 'YOHANES ADI PURNOMO BATLAYERI', 7, 7, 7),
(229, 155314100, 'RISKY SIMAREMARE', 7, 7, 7),
(230, 155314101, 'CAHYA WICAKSANA', 7, 7, 7),
(231, 155314102, 'SEBASTIANUS RECZY.S', 7, 7, 7),
(232, 155314103, 'RUTH HANSELIANI', 7, 7, 7),
(233, 155314104, 'RENALDI', 7, 7, 7),
(234, 155314105, 'ARVIN ADITAMA SANTOSO', 7, 7, 7),
(235, 155314107, 'CLEMENT ABRAHAM SIDOMULYO', 7, 7, 7),
(236, 155314109, 'ELFRIDA AFENTRI MANURUNG', 7, 7, 7),
(237, 155314113, 'GISKA CLAUDIA SINULINGGA', 7, 7, 7),
(238, 155314121, 'REDY RENNO IRIANTO', 7, 7, 7),
(239, 155314122, 'GRASFIKA APRIANI SIHITE', 7, 7, 7),
(240, 155314123, 'BALTASAR YANUARIUS S. SUDJONO', 7, 7, 7),
(241, 155314124, 'MARIA CHRISTIN SIMANJUNTAK', 7, 7, 7),
(242, 155314125, 'JAN WILLIAM SIANTURI', 7, 7, 7),
(243, 155314126, 'YERNI MEI SULASTRI BAPTISTA SITORUS', 7, 7, 7),
(244, 155314003, 'PRADHIKA DWI YULDANIA', 7, 8, 8),
(245, 155314004, 'YOHANA MUSTIKA RINJANI PUTRI', 7, 8, 8),
(246, 155314005, 'NOVA NIATI', 7, 8, 8),
(247, 155314014, 'EVANDER JULIANSYAH H', 7, 8, 8),
(248, 155314021, 'WENTRI FEBRIASIE', 7, 8, 8),
(249, 155314022, 'WINDI TRI APRILIANI', 7, 8, 8),
(250, 155314030, 'MARIA DAMAYANTI', 7, 8, 8),
(251, 155314035, 'MARIA REGINA CELISETYAWATI', 7, 8, 8),
(252, 155314037, 'ROBERTUS GARIN PERMANA', 7, 8, 8),
(253, 155314048, 'YASINTHA PUTERI LARASATI', 7, 8, 8),
(254, 155314051, 'RIRIN DWI WIJAYANTI', 7, 8, 8),
(255, 155314052, 'ANDREA SETYA DEWA', 7, 8, 8),
(256, 155314053, 'STEFANUS DWI RIARTO', 7, 8, 8),
(257, 155314058, 'THEODULUS TITHO', 7, 8, 8),
(258, 155314061, 'GALIH SUPRAYOGO', 7, 8, 8),
(259, 155314068, 'TUBAGUS RENDY SURYA NEGARA IBNU RAHMAT KARTAWIJAYA', 7, 8, 8),
(260, 155314072, 'MARIO AGUSTORIUS LIODA GHETA SEDA', 7, 8, 8),
(261, 155314073, 'BASTIAN CHANDRA KUSUMA', 7, 8, 8),
(262, 155314077, 'ORNANDO TRIHANDARU SETIAJI', 7, 8, 8),
(263, 155314082, 'ANDREAS CHRISANTO LALO NUSA', 7, 8, 8),
(264, 155314083, 'KALORINDA', 7, 8, 8),
(265, 155314084, 'THEO BUANA PONGSUMARRE', 7, 8, 8),
(266, 155314085, 'VINCENTIUS BAYU FAJAR KURNIAWAN', 7, 8, 8),
(267, 155314086, 'Y. ADVENSIUS PUTRA PAMUNGKAS', 7, 8, 8),
(268, 155314088, 'VENTYA FERNITHA', 7, 8, 8),
(269, 155314089, 'GHERALDO SARANGNGA\' BENDON', 7, 8, 8),
(270, 155314090, 'REINARDUS AJI HARISTU', 7, 8, 8),
(271, 155314099, 'SULISTYO ATMOJO', 7, 8, 8),
(272, 155314112, 'IMANUEL MOSES SETYARTANTYA', 7, 8, 8),
(273, 155314114, 'BAGAS AJI WICAKSONO', 7, 8, 8),
(274, 155314115, 'CLARA MARIA DE ROSARIO TAEK', 7, 8, 8),
(275, 155314116, 'GRACE MARSELA HILDA PATTINAMA', 7, 8, 8),
(276, 155314117, 'GREGORIUS MAGNUS MEGA SANJAYA', 7, 8, 8),
(277, 155314118, 'ABRAHAM LOEDWIJCK', 7, 8, 8),
(278, 155314120, 'KARAN AGUS PUTERA', 7, 8, 8),
(279, 125314087, 'ROBERTUS ALLAN PRADITYA', 10, 9, 9),
(280, 125314134, 'FAJAR SETYONO', 11, 10, 10),
(281, 155314088, 'VENTYA FERNITHA', 11, 10, 10),
(282, 155314089, 'GHERALDO SARANGNGA\' BENDON', 11, 10, 10),
(283, 155314092, 'LENDRA RIADY', 11, 10, 10),
(284, 155314094, 'JOSHUA BOANERGES TAMPI', 11, 10, 10),
(285, 155314095, 'YOHANES ADI PURNOMO BATLAYERI', 11, 10, 10),
(286, 155314100, 'RISKY SIMAREMARE', 11, 10, 10),
(287, 155314104, 'RENALDI', 11, 10, 10),
(288, 155314106, 'LEONARDUS PITER MAHENDRA', 11, 10, 10),
(289, 155314108, 'PAULUS BREMA HUTAGALUNG', 11, 10, 10),
(290, 155314109, 'ELFRIDA AFENTRI MANURUNG', 11, 10, 10),
(291, 155314114, 'BAGAS AJI WICAKSONO', 11, 10, 10),
(292, 155314115, 'CLARA MARIA DE ROSARIO TAEK', 11, 10, 10),
(293, 155314122, 'GRASFIKA APRIANI SIHITE', 11, 10, 10),
(294, 125314129, 'FEBRY RHENALDY', 11, 11, 11),
(295, 145314079, 'GUNTUR AJI PAMUNGKAS', 11, 11, 11),
(296, 145314085, 'BAGAS TRI JUNIANTO', 11, 11, 11),
(297, 145314094, 'JUNANDUS SIJABAT', 11, 11, 11),
(298, 155314008, 'ADRES KUSUMAWARDHANA', 11, 11, 11),
(299, 155314017, 'ALBERTHUS PRAMUDITO PUTRA BERNANTO', 11, 11, 11),
(300, 155314023, 'OKTAVIANUS ZENGGI SURYA PUTRANJAYA', 11, 11, 11),
(301, 155314031, 'ANDREAS FEBRIANTO', 11, 11, 11),
(302, 155314042, 'ANINDYA SABRINA PANGESTI', 11, 11, 11),
(303, 155314045, 'MONICA RINDA CHRISTANTO', 11, 11, 11),
(304, 155314046, 'FELLIA FEBRIANI', 11, 11, 11),
(305, 155314048, 'YASINTHA PUTERI LARASATI', 11, 11, 11),
(306, 155314049, 'SALVATORE KIDUNG SIMADANU', 11, 11, 11),
(307, 155314054, 'NATALIA AMBARWATI', 11, 11, 11),
(308, 155314055, 'YOHANES PUTRANTO SURYO KUSUMO', 11, 11, 11),
(309, 155314067, 'MEGA ANINDITA', 11, 11, 11),
(310, 155314076, 'DAVID PRASETYA ADI', 11, 11, 11),
(311, 155314007, 'YESY MAYANG SARI', 11, 10, 10),
(312, 155314013, 'LAYUNG INDRA APRILIA', 11, 10, 10),
(313, 155314020, 'DIONISIUS TAUFAN ENGGAR INDRAJAYA', 11, 10, 10),
(314, 155314027, 'PETER GIGIH TRIMULYO HADI', 11, 10, 10),
(315, 155314028, 'YUNUS IHSAN SETYAWAN', 11, 10, 10),
(316, 155314030, 'MARIA DAMAYANTI', 11, 10, 10),
(317, 155314038, 'MARTINUS TRI NUR CAHYONO', 11, 10, 10),
(318, 155314053, 'STEFANUS DWI RIARTO', 11, 10, 10),
(319, 155314082, 'ANDREAS CHRISANTO LALO NUSA', 11, 10, 10),
(320, 155314084, 'THEO BUANA PONGSUMARRE', 11, 10, 10),
(321, 155314091, 'ANINDIA ADYUTAWATI NUGRAHENI', 11, 10, 10),
(322, 155314101, 'CAHYA WICAKSANA', 11, 10, 10),
(323, 155314103, 'RUTH HANSELIANI', 11, 10, 10),
(324, 155314113, 'GISKA CLAUDIA SINULINGGA', 11, 10, 10),
(325, 155314118, 'ABRAHAM LOEDWIJCK', 11, 10, 10),
(326, 155314124, 'MARIA CHRISTIN SIMANJUNTAK', 11, 10, 10),
(327, 155314126, 'YERNI MEI SULASTRI BAPTISTA SITORUS', 11, 10, 10),
(328, 145314011, 'VINSENSIUS VERDIANTO PUTRA', 11, 12, 10),
(329, 145314069, 'SAMBAYU KRIS ANTONI', 11, 12, 10),
(330, 155314002, 'ASIH SULISTYANI', 11, 12, 10),
(331, 155314003, 'PRADHIKA DWI YULDANIA', 11, 12, 10),
(332, 155314004, 'YOHANA MUSTIKA RINJANI PUTRI', 11, 12, 10),
(333, 155314005, 'NOVA NIATI', 11, 12, 10),
(334, 155314012, 'MIKHA ADMAWIJAYA', 11, 12, 10),
(335, 155314014, 'EVANDER JULIANSYAH H', 11, 12, 10),
(336, 155314015, 'GERALDEV MANOAH', 11, 12, 10),
(337, 155314021, 'WENTRI FEBRIASIE', 11, 12, 10),
(338, 155314022, 'WINDI TRI APRILIANI', 11, 12, 10),
(339, 155314025, 'AGENDA YUDHA SAMUDRA', 11, 12, 10),
(340, 155314026, 'CHRISTIAN CAROLUS BAGAS PRADANA', 11, 12, 10),
(341, 155314033, 'GREGORIUS BIMA KHARISMA WICAKSANA', 11, 12, 10),
(342, 155314035, 'MARIA REGINA CELISETYAWATI', 11, 12, 10),
(343, 155314036, 'ANDITIO KURNIA WIJAYA', 11, 12, 10),
(344, 155314037, 'ROBERTUS GARIN PERMANA', 11, 12, 10),
(345, 155314040, 'YULIUS ELFRISA DESANCOKO', 11, 12, 10),
(346, 155314051, 'RIRIN DWI WIJAYANTI', 11, 12, 10),
(347, 155314083, 'KALORINDA', 11, 12, 10),
(348, 155314090, 'REINARDUS AJI HARISTU', 11, 12, 10),
(349, 155314097, 'TIMOTIUS AQUINO FEBRI WIDYASETYANTO', 11, 12, 10),
(350, 155314099, 'SULISTYO ATMOJO', 11, 12, 10),
(351, 155314102, 'SEBASTIANUS RECZY.S', 11, 12, 10),
(352, 155314110, 'JULIANA ENGELINA MANULLANG', 11, 12, 10),
(353, 155314117, 'GREGORIUS MAGNUS MEGA SANJAYA', 11, 12, 10),
(354, 155314123, 'BALTASAR YANUARIUS S. SUDJONO', 11, 12, 10),
(355, 165314119, 'CHARLES PERPETUA EBU BHEGE', 15, 13, 12),
(356, 175314001, 'STEVAN TIOVANDI', 15, 13, 12),
(357, 175314002, 'EDRICK HERNANDO', 15, 13, 12),
(358, 175314003, 'MARKUS PATRIK SEKAITELES', 15, 13, 12),
(359, 175314004, 'CHRISTOPHER MATTEW HERMAN', 15, 13, 12),
(360, 175314005, 'NICHOLAS WIMBARA', 15, 13, 12),
(361, 175314006, 'AYUNA ARMONICA', 15, 13, 12),
(362, 175314007, 'IGNATIUS RIKO RINALDI', 15, 13, 12),
(363, 175314008, 'NIKOLAUS HOSEA', 15, 13, 12),
(364, 175314009, 'CHRISTIAN WIBOWO TRINUGROHO', 15, 13, 12),
(365, 175314010, 'GERVASIUS TARUSMAN', 15, 13, 12),
(366, 175314011, 'DESHA VIRIYA KSANTI PURNOMO', 15, 13, 12),
(367, 175314012, 'PHILIPUS CHEVIN JOANITO MAGAT', 15, 13, 12),
(368, 175314013, 'ALBERTUS IVAN ADYATMA MAHESWARA', 15, 13, 12),
(369, 175314014, 'CHRISTIAN NARWASTU DELE', 15, 13, 12),
(370, 175314015, 'I GEDE DIPAYANA', 15, 13, 12),
(371, 175314016, 'RENDY EKO PRAYOGO', 15, 13, 12),
(372, 175314017, 'PANJI LIBERTY PRATAMA HUAN', 15, 13, 12),
(373, 175314018, 'WIRYAWAN SETYA NUGROHO', 15, 13, 12),
(374, 175314019, 'REYN KEVIN KILA', 15, 13, 12),
(375, 175314020, 'TANDRIANTO KOKO GUNAWAN', 15, 13, 12),
(376, 175314021, 'FLORIANUS SURYA KEVIN', 15, 13, 12),
(377, 175314022, 'FX DONI WAHYU SB', 15, 13, 12),
(378, 175314023, 'FELIX PRIHANTORO', 15, 13, 12),
(379, 175314024, 'DEVIDA AURELIA YACOB', 15, 13, 12),
(380, 175314025, 'TANGGUH PURWOAGIL', 15, 13, 12),
(381, 175314026, 'IKHSANUDIN NUGRAHA', 15, 13, 12),
(382, 175314027, 'MICHAEL ALVIAN DANISH PRASOJO', 15, 13, 12),
(383, 175314028, 'WAHYU WIJANARKO', 15, 13, 12),
(384, 175314029, 'EZEKIEL JUAN FILIPPO CAPPI ARSYADI', 15, 13, 12),
(385, 175314030, 'FLAVIANA ABRIANI HALIM', 15, 13, 12),
(386, 135314115, 'ENGELMUNDUS ALDI PRATAMA', 15, 13, 12),
(387, 165314096, 'CLAUDEO DANAR LUKMANTO', 15, 13, 12),
(388, 175314031, 'WIRA DINATA', 15, 13, 12),
(389, 175314032, 'GALIH PRASETYA JATI', 15, 13, 12),
(390, 175314033, 'RIVAN ANANDITYA PRADANA', 15, 13, 12),
(391, 175314034, 'REENA SIMANIHURUK', 15, 13, 12),
(392, 175314035, 'WIBOWO CAHYONO', 15, 13, 12),
(393, 175314036, 'NOVI FITRI', 15, 13, 12),
(394, 175314037, 'SAFIRA NURTANTIA WILOPOJATI', 15, 13, 12),
(395, 175314038, 'JOSE PEDRO FEBIAN', 15, 13, 12),
(396, 175314039, 'ANDRI PRASETYO WIBOWO', 15, 13, 12),
(397, 175314040, 'MARIA SIMPLISIA WEA LAJA', 15, 13, 12),
(398, 175314041, 'ADVENTUS DIO', 15, 13, 12),
(399, 175314042, 'DANIEL FREDERIK', 15, 13, 12),
(400, 175314043, 'MIKHAEL SURYA PUSPITA JAYA', 15, 13, 12),
(401, 175314044, 'YUSUP HARIS PURNOMO', 15, 13, 12),
(402, 175314045, 'JOSEPH RIANDY PRATAMA HUTAGALUNG', 15, 13, 12),
(403, 175314046, 'M.IKHSAN ABIMANYU', 15, 13, 12),
(404, 175314047, 'FRANCISCA INTAN BERTIN', 15, 13, 12),
(405, 175314048, 'RENELDIS PUTRI TANGGU', 15, 13, 12),
(406, 175314049, 'RIVALDI ATMA DHINATA SEMBIRING', 15, 13, 12),
(407, 175314050, 'ANDREAS ALDYANTO NURA', 15, 13, 12),
(408, 175314051, 'SENDHY JAYA RAHARJA', 15, 13, 12),
(409, 175314052, 'AGUNG KRISTANTO', 15, 14, 13),
(410, 175314053, 'MARSELINUS BAGAS PRIMADITIA', 15, 14, 13),
(411, 175314054, 'GEORGIUS FEBRYAN PRADANA', 15, 14, 13),
(412, 175314055, 'CLARA ANGGITA AYU SETYANINGRUM', 15, 14, 13),
(413, 175314056, 'OKKY YODI DWI PURWANTO', 15, 14, 13),
(414, 175314057, 'VIINCENTIUS HENDRI KURNIAWAN', 15, 14, 13),
(415, 175314058, 'ZEFANYA DEVENDRA PUTRI NGGANGGUS', 15, 14, 13),
(416, 175314059, 'FRANSISCO DIAZ ATMARESTANTO', 15, 14, 13),
(417, 175314076, 'FRISKO ADRIAN', 15, 14, 13),
(418, 175314077, 'RICHARDUS ALGA ADMAJA', 15, 14, 13),
(419, 175314078, 'GUIDO DIKA FIRGUSTON', 15, 14, 13),
(420, 175314079, 'MADE ARIVANDEGA WARNAWAN', 15, 14, 13),
(421, 175314080, 'HIERONIMUS FREDY MORGAN', 15, 14, 13),
(422, 175314081, 'IGNATIUS BENNY CHRISTIAN', 15, 14, 13),
(423, 175314082, 'ALBERTUS SATRIO BAYUAJI', 15, 14, 13),
(424, 175314083, 'IDA BAGUS YUDISTIRA PRAMA PUTRA', 15, 14, 13),
(425, 175314102, 'AMELIA PARAMITA INDAH PAKARTI', 15, 14, 13),
(426, 175314103, 'SYELEN KRISNANDA', 15, 14, 13),
(427, 175314104, 'YEHEZKIEL PURNOMO AJI', 15, 14, 13),
(428, 175314105, 'KAREL ARISTO', 15, 14, 13),
(429, 175314106, 'SANDRA YOSEBA SIBI', 15, 14, 13),
(430, 175314107, 'OKTA VADINDA PUTRI', 15, 14, 13),
(431, 175314108, 'KRESENSIANA PRISKALIA', 15, 14, 13),
(432, 175314109, 'GAGAS SAMPURRANA DAYA HEDOH', 15, 14, 13),
(433, 175314060, 'ATANASIUS IVANNOEL RIO AJI', 15, 15, 14),
(434, 175314061, 'BERLIN RAVELINO HUGO PADANG', 15, 15, 14),
(435, 175314062, 'AROOM PUTRI ISWARI', 15, 15, 14),
(436, 175314063, 'RIO PRADANA', 15, 15, 14),
(437, 175314064, 'STANISLAUS INDRO KENAA TUKAN', 15, 15, 14),
(438, 175314065, 'SIGIT PAMUNGKAS', 15, 15, 14),
(439, 175314066, 'BIONDI ADHITYO PRABOWO', 15, 15, 14),
(440, 175314084, 'GABRIEL RYAN PRIMA ADETIKA', 15, 15, 14),
(441, 175314085, 'ALOYSIUS ADYTYA ENDRYANA PUTRA', 15, 15, 14),
(442, 175314086, 'ROBERTUS YULIANTO', 15, 15, 14),
(443, 175314087, 'ABRAM', 15, 15, 14),
(444, 175314088, 'HARNITA DWI OKTAVANI', 15, 15, 14),
(445, 175314089, 'ELLEINA RETRI WAHYU PUSPITASARI', 15, 15, 14),
(446, 175314090, 'MARTIN PARAMARTA', 15, 15, 14),
(447, 175314091, 'ALDY PAMUNGKAS', 15, 15, 14),
(448, 175314110, 'CLAUDHEA ZITA LEGINA', 15, 15, 14),
(449, 175314111, 'GREGORIUS BRYAN OSALDI', 15, 15, 14),
(450, 175314112, 'FANI TRI HARSONO', 15, 15, 14),
(451, 175314113, 'REYNALDI RAMADHANI', 15, 15, 14),
(452, 175314114, 'JUANITA LISANDA', 15, 15, 14),
(453, 175314115, 'PERDAMAIAN HIA', 15, 15, 14),
(454, 175314116, 'ROSA TIRANDA', 15, 15, 14),
(455, 175314117, 'KATRINA NI LUH ARIYANTINI', 15, 15, 14),
(456, 175314067, 'YOHANES KEVIN WIJAYA', 15, 16, 12),
(457, 175314068, 'YOSEF GANJAR WICAKSONO', 15, 16, 12),
(458, 175314069, 'ERLYN AVIANDRY', 15, 16, 12),
(459, 175314070, 'YOGA JUSTISIO HARLEAWAN', 15, 16, 12),
(460, 175314071, 'EFRIYANI W. TARIGAN', 15, 16, 12),
(461, 175314072, 'INGGRID JAHA', 15, 16, 12),
(462, 175314073, 'WISNU SETYAWAN', 15, 16, 12),
(463, 175314074, 'DIONISIUS NOVEN JUANDIKA BINTANG', 15, 16, 12),
(464, 175314075, 'RAFAEL PASOPATI KRISNADWIPAYANA', 15, 16, 12),
(465, 175314092, 'MAHENDRA AULIA RAHMAN', 15, 16, 12),
(466, 175314093, 'DAMARIO ADITAMA NAVYLIO', 15, 16, 12),
(467, 175314094, 'CHRISTOPHORUS ARLENDITO DANOR SAPUTRO', 15, 16, 12),
(468, 175314095, 'FRANSISKA ANNALISA CHRISTIANA HOLLY', 15, 16, 12),
(469, 175314096, 'AGUSTINUS HANDAYA AJITAMA', 15, 16, 12),
(470, 175314097, 'BENEDIKTUS RONY AGUNG KUSUMA', 15, 16, 12),
(471, 175314099, 'YOSSA ANDIKA LAKSANA', 15, 16, 12),
(472, 175314100, 'THOMAS CHRISTIAN WICAKSONO', 15, 16, 12),
(473, 175314101, 'ERWINSYAH RICO AGUSTA', 15, 16, 12),
(474, 175314118, 'TONI TUMPAL SIMANULLANG', 15, 16, 12),
(475, 175314119, 'JESSYCA NOFANTY HAHURY', 15, 16, 12),
(476, 175314120, 'SATRIO DANURDORO', 15, 16, 12),
(477, 175314121, 'RAMA EKA PUTRANTO', 15, 16, 12),
(478, 175314122, 'AMELIA PUTRI CENDRAKASIH', 15, 16, 12),
(479, 175314123, 'KATARINA HARYANINGTYAS', 15, 16, 12),
(480, 175314124, 'FRANSISKA APRI WULANDARI', 15, 16, 12),
(481, 175314125, 'ARNOLDUS JANSSEN YUFIANTO', 15, 16, 12),
(482, 175314126, 'THOMAS DANI KURNIAWAN', 15, 16, 12),
(483, 175314127, 'ALEXANDER ADAM BAGASKARA', 15, 16, 12),
(484, 165314001, 'YAKOBUS ARIS ARVANTO', 20, 17, 15),
(485, 165314003, 'NANANG HIMAWAN FAUZI', 20, 17, 15),
(486, 165314004, 'GEDE RIZKY BELA DHARMA RUDYARTA', 20, 17, 15),
(487, 165314006, 'ANTONIUS YOGI PRIHANTORO', 20, 17, 15),
(488, 165314007, 'WIDI FIRMANSYAH', 20, 17, 15),
(489, 165314009, 'EVANNOAH ROLIMARCH PRATAMA', 20, 17, 15),
(490, 165314012, 'BANYU WANA AJI', 20, 17, 15),
(491, 165314013, 'AGNES WIDIANINGSIH WULANDARI', 20, 17, 15),
(492, 165314015, 'REYNALDI SETIAWAN', 20, 17, 15),
(493, 165314017, 'FRANSISCUS XAVERIUS DHIMAS DWI RATNANTO', 20, 17, 15),
(494, 165314018, 'GESANG AGENG TRISAKTI', 20, 17, 15),
(495, 165314020, 'YOGA DWI PRASETYO', 20, 17, 15),
(496, 165314021, 'TATAG HARDOYO', 20, 17, 15),
(497, 165314023, 'AURELI ISAIAS', 20, 17, 15),
(498, 165314025, 'ANTONIUS BAYU ANGGORO JATI', 20, 17, 15),
(499, 165314028, 'WILLIAMS NICOSEN', 20, 17, 15),
(500, 165314029, 'HADIYAN FAIKAR', 20, 17, 15),
(501, 165314031, 'ADITYA GALIH DIKA SIWI', 20, 17, 15),
(502, 165314033, 'JOSPHINE WAHYU SURYAKUMALA', 20, 17, 15),
(503, 165314036, 'MARIO ADITYA PRIMANDARU', 20, 17, 15),
(504, 165314037, 'VERONICA MEIDITA SETYANI', 20, 17, 15),
(505, 165314038, 'DANIEL JERIANSYAH', 20, 17, 15),
(506, 165314039, 'ANDREAS BENY KURNIAWAN', 20, 17, 15),
(507, 165314040, 'MUNA ALEKTA TARIGAN', 20, 17, 15),
(508, 165314041, 'YOS RIO PURAGA', 20, 17, 15),
(509, 165314042, 'FERDINAND ANDRE PASARIBU', 20, 17, 15),
(510, 165314043, 'RICKY FERDIAN', 20, 17, 15),
(511, 165314044, 'KRISTOPHORUS ABEL PRIAMBODO LUMBAN TOBING', 20, 17, 15),
(512, 165314045, 'JOHAN SATRIA KESUMA', 20, 17, 15),
(513, 165314046, 'FERDINANDUS LEMBAMBANG SULA', 20, 17, 15),
(514, 165314048, 'HIERONYMUS PRASTAWA AGUNG', 20, 17, 15),
(515, 165314049, 'ANINDYAJATI', 20, 17, 15),
(516, 165314050, 'KRISTIANUS YULI KURNIAWAN', 20, 17, 15),
(517, 165314051, 'CHRISTIANTO EGA PRASETYO', 20, 17, 15),
(518, 165314053, 'FINSA ABRAHAM ALBIYANDA', 20, 17, 15),
(519, 165314054, 'EZRA PETRA NAMSA', 20, 17, 15),
(520, 165314055, 'ANATASHA OCTARIAMA RESPATI DEWI SIMBOLON', 20, 17, 15),
(521, 165314057, 'BERNARD HATOGUAN SIREGAR', 20, 17, 15),
(522, 165314058, 'HANDOKO PRASETYO', 20, 17, 15),
(523, 165314059, 'ELIFAS BAYU ARDIANTO', 20, 17, 15),
(524, 165314060, 'STEFANUS KEVIN WICAKSONO', 20, 17, 15),
(525, 165314061, 'NICODEMUS SEPTINOS PATI', 20, 17, 15),
(526, 165314062, 'KLAUDIA KISNODI', 20, 17, 15),
(527, 165314047, 'YANUARIUS BASILIUS', 20, 18, 16),
(528, 165314064, 'BENYDICTUS SEPTIAN PERDANA KURNIA WIJAYA', 20, 18, 16),
(529, 165314066, 'VALENTINUS ANGGA ANKRISNAR', 20, 18, 16),
(530, 165314067, 'YOHANES MARIA VIANEY RUMA', 20, 18, 16),
(531, 165314068, 'MAKSIMILIANUS WILLIAM KAUS PUTRA', 20, 18, 16),
(532, 165314069, 'DESI RATNASARI', 20, 18, 16),
(533, 165314070, 'WAYAN SUGIARSA', 20, 18, 16),
(534, 165314071, 'FRANSISCUS DWIAN ANUGERAH PRAMANA', 20, 18, 16),
(535, 165314073, 'ARTHA DIAN SINAGA', 20, 18, 16),
(536, 165314074, 'BERNARDUS GANDHANG PANJI WARDHANI', 20, 18, 16),
(537, 165314075, 'BRIAN LUYZH FERNANDO GIRI', 20, 18, 16),
(538, 165314077, 'YOLANDA EVELINE ARDININGTYAS', 20, 18, 16),
(539, 165314080, 'YOHANES KAPISTRANO NANA', 20, 18, 16),
(540, 165314081, 'NORBERTUS KHRISNA PRATAMA', 20, 18, 16),
(541, 165314082, 'KI TAE KWON', 20, 18, 16),
(542, 165314086, 'CAROLINE ASTERIA CAEZAR ARYANI', 20, 18, 16),
(543, 165314087, 'ALBERT MATHIUN', 20, 18, 16),
(544, 165314088, 'CHRISTIAN IISVHARAPRANIDANA PARAMITHA', 20, 18, 16),
(545, 165314089, 'DAVID THANLIAN KURNIAWAN', 20, 18, 16),
(546, 165314090, 'ANASTASIA NOVIA WINDRAWATI', 20, 18, 16),
(547, 165314091, 'DAVID ALMACESAR HABEKA', 20, 18, 16),
(548, 165314093, 'BAGAS DHITYA TAUFIQQI', 20, 18, 16),
(549, 165314095, 'AGATHA FRANSIANE SENDUK', 20, 18, 16),
(550, 165314098, 'PAULINA MANGANDE', 20, 18, 16),
(551, 165314100, 'GEORGIUS I PUTU VANDI SETYAWAN', 20, 18, 16),
(552, 165314101, 'ALFRIYANDI DWI PRADIPTA SINAGA', 20, 18, 16),
(553, 165314102, 'RACHEL ELISA UTAMA', 20, 18, 16),
(554, 165314103, 'PUTU INTAN HASRI PUTRI', 20, 18, 16),
(555, 165314105, 'EKA PUTRA KURNIASANDY BENE DIKTUS', 20, 18, 16),
(556, 165314107, 'ALVA GRACEORA NUGROHO', 20, 18, 16),
(557, 165314108, 'ROBERTUS BINTORO', 20, 18, 16),
(558, 165314110, 'MARETHA ELISTYANA', 20, 18, 16),
(559, 165314111, 'ANDREAS YAN PRATAMA ADI PANGESTU', 20, 18, 16),
(560, 165314112, 'NINDA MAWARNI', 20, 18, 16),
(561, 165314113, 'INDAH PERMATA SARI', 20, 18, 16),
(562, 165314114, 'LUDHGERUS HERVIN ETBY SAPUTRA', 20, 18, 16),
(563, 165314116, 'HANANTO WIDIGDO', 20, 18, 16),
(564, 165314118, 'EGIDIA YUNI SAVITRI', 20, 18, 16),
(565, 165314119, 'CHARLES PERPETUA EBU BHEGE', 20, 18, 16),
(566, 165314120, 'ANJU FRANSIUS MALANGO', 20, 18, 16),
(567, 165314121, 'VALENTINA YOHANA SENDUK', 20, 18, 16),
(568, 165314124, 'DODI FERNANDO TAMBUNAN', 20, 18, 16),
(569, 165314125, 'RESKI ERIK ALFONS BOGA', 20, 18, 16),
(570, 165314042, 'FERDINAND ANDRE PASARIBU', 22, 19, 17),
(571, 165314043, 'RICKY FERDIAN', 22, 19, 17),
(572, 165314044, 'KRISTOPHORUS ABEL PRIAMBODO LUMBAN TOBING', 22, 19, 17),
(573, 165314045, 'JOHAN SATRIA KESUMA', 22, 19, 17),
(574, 165314046, 'FERDINANDUS LEMBAMBANG SULA', 22, 19, 17),
(575, 165314047, 'YANUARIUS BASILIUS', 22, 19, 17),
(576, 165314048, 'HIERONYMUS PRASTAWA AGUNG', 22, 19, 17),
(577, 165314049, 'ANINDYAJATI', 22, 19, 17),
(578, 165314050, 'KRISTIANUS YULI KURNIAWAN', 22, 19, 17),
(579, 165314051, 'CHRISTIANTO EGA PRASETYO', 22, 19, 17),
(580, 165314053, 'FINSA ABRAHAM ALBIYANDA', 22, 19, 17),
(581, 165314054, 'EZRA PETRA NAMSA', 22, 19, 17),
(582, 165314055, 'ANATASHA OCTARIAMA RESPATI DEWI SIMBOLON', 22, 19, 17),
(583, 165314056, 'DELVIANA SIAHAAN', 22, 19, 17),
(584, 165314057, 'BERNARD HATOGUAN SIREGAR', 22, 19, 17),
(585, 165314058, 'HANDOKO PRASETYO', 22, 19, 17),
(586, 165314060, 'STEFANUS KEVIN WICAKSONO', 22, 19, 17),
(587, 165314061, 'NICODEMUS SEPTINOS PATI', 22, 19, 17),
(588, 165314062, 'KLAUDIA KISNODI', 22, 19, 17),
(589, 165314063, 'YOSEPH GUSTI RANDA', 22, 19, 17),
(590, 165314064, 'BENYDICTUS SEPTIAN PERDANA KURNIA WIJAYA', 22, 19, 17),
(591, 165314065, 'I KETUT MULIANA', 22, 19, 17),
(592, 165314066, 'VALENTINUS ANGGA ANKRISNAR', 22, 19, 17),
(593, 165314067, 'YOHANES MARIA VIANEY RUMA', 22, 19, 17),
(594, 165314068, 'MAKSIMILIANUS WILLIAM KAUS PUTRA', 22, 19, 17),
(595, 165314069, 'DESI RATNASARI', 22, 19, 17),
(596, 165314070, 'WAYAN SUGIARSA', 22, 19, 17),
(597, 165314071, 'FRANSISCUS DWIAN ANUGERAH PRAMANA', 22, 19, 17),
(598, 165314073, 'ARTHA DIAN SINAGA', 22, 19, 17),
(599, 165314074, 'BERNARDUS GANDHANG PANJI WARDHANI', 22, 19, 17),
(600, 165314075, 'BRIAN LUYZH FERNANDO GIRI', 22, 19, 17),
(601, 165314076, 'GALUH PINGKAN RAHMADANTI', 22, 19, 17),
(602, 165314077, 'YOLANDA EVELINE ARDININGTYAS', 22, 19, 17),
(603, 165314078, 'DANIEL BRAM CHANDRA SAPUTRA', 22, 19, 17),
(604, 165314079, 'TOBBY ARIYANTO MANDOI', 22, 19, 17),
(605, 165314080, 'YOHANES KAPISTRANO NANA', 22, 19, 17),
(606, 165314081, 'NORBERTUS KHRISNA PRATAMA', 22, 19, 17),
(607, 165314082, 'KI TAE KWON', 22, 19, 17),
(608, 165314083, 'HUSOR DAVID T PANDIANGAN', 22, 19, 17),
(609, 165314087, 'ALBERT MATHIUN', 22, 19, 17),
(610, 155314118, 'ABRAHAM LOEDWIJCK', 22, 20, 18),
(611, 165314084, 'ROMANUS HADYANTO ONGAN', 22, 20, 18),
(612, 165314085, 'CLARA SANTA ANGKAMOR', 22, 20, 18),
(613, 165314086, 'CAROLINE ASTERIA CAEZAR ARYANI', 22, 20, 18),
(614, 165314088, 'CHRISTIAN IISVHARAPRANIDANA PARAMITHA', 22, 20, 18),
(615, 165314089, 'DAVID THANLIAN KURNIAWAN', 22, 20, 18),
(616, 165314090, 'ANASTASIA NOVIA WINDRAWATI', 22, 20, 18),
(617, 165314091, 'DAVID ALMACESAR HABEKA', 22, 20, 18),
(618, 165314093, 'BAGAS DHITYA TAUFIQQI', 22, 20, 18),
(619, 165314095, 'AGATHA FRANSIANE SENDUK', 22, 20, 18),
(620, 165314096, 'CLAUDEO DANAR LUKMANTO', 22, 20, 18),
(621, 165314097, 'GANDHI NUGROHO', 22, 20, 18),
(622, 165314098, 'PAULINA MANGANDE', 22, 20, 18),
(623, 165314099, 'DIMA THOMAS REFANO', 22, 20, 18),
(624, 165314100, 'GEORGIUS I PUTU VANDI SETYAWAN', 22, 20, 18),
(625, 165314101, 'ALFRIYANDI DWI PRADIPTA SINAGA', 22, 20, 18),
(626, 165314102, 'RACHEL ELISA UTAMA', 22, 20, 18),
(627, 165314103, 'PUTU INTAN HASRI PUTRI', 22, 20, 18),
(628, 165314104, 'MAGNUS ABIYU', 22, 20, 18),
(629, 165314105, 'EKA PUTRA KURNIASANDY BENE DIKTUS', 22, 20, 18),
(630, 165314106, 'AFRA RIAN YUDIANTO', 22, 20, 18),
(631, 165314107, 'ALVA GRACEORA NUGROHO', 22, 20, 18),
(632, 165314108, 'ROBERTUS BINTORO', 22, 20, 18),
(633, 165314110, 'MARETHA ELISTYANA', 22, 20, 18),
(634, 165314111, 'ANDREAS YAN PRATAMA ADI PANGESTU', 22, 20, 18),
(635, 165314112, 'NINDA MAWARNI', 22, 20, 18),
(636, 165314113, 'INDAH PERMATA SARI', 22, 20, 18),
(637, 165314114, 'LUDHGERUS HERVIN ETBY SAPUTRA', 22, 20, 18),
(638, 165314115, 'DAVID PARSAORAN TAMPUBOLON', 22, 20, 18),
(639, 165314116, 'HANANTO WIDIGDO', 22, 20, 18),
(640, 165314118, 'EGIDIA YUNI SAVITRI', 22, 20, 18),
(641, 165314119, 'CHARLES PERPETUA EBU BHEGE', 22, 20, 18),
(642, 165314120, 'ANJU FRANSIUS MALANGO', 22, 20, 18),
(643, 165314121, 'VALENTINA YOHANA SENDUK', 22, 20, 18),
(644, 165314124, 'DODI FERNANDO TAMBUNAN', 22, 20, 18),
(645, 165314125, 'RESKI ERIK ALFONS BOGA', 22, 20, 18),
(646, 135314115, 'ENGELMUNDUS ALDI PRATAMA', 24, 21, 19),
(647, 145314007, 'AGUSTINUS JAROT', 24, 21, 19),
(648, 145314034, 'MARTINA KURNIA PRABAMUKTI SIWI', 24, 21, 19),
(649, 145314089, 'ALFRIAN FERNANDO LAMAWURAN', 24, 21, 19),
(650, 145314101, 'JELISTINA YOLENTA ZAI', 24, 21, 19),
(651, 145314110, 'MULIADI MARPAUNG', 24, 21, 19),
(652, 155314003, 'PRADHIKA DWI YULDANIA', 24, 21, 19),
(653, 155314007, 'YESY MAYANG SARI', 24, 21, 19),
(654, 155314008, 'ADRES KUSUMAWARDHANA', 24, 21, 19),
(655, 155314020, 'DIONISIUS TAUFAN ENGGAR INDRAJAYA', 24, 21, 19),
(656, 155314022, 'WINDI TRI APRILIANI', 24, 21, 19),
(657, 155314025, 'AGENDA YUDHA SAMUDRA', 24, 21, 19),
(658, 155314026, 'CHRISTIAN CAROLUS BAGAS PRADANA', 24, 21, 19),
(659, 155314036, 'ANDITIO KURNIA WIJAYA', 24, 21, 19),
(660, 155314037, 'ROBERTUS GARIN PERMANA', 24, 21, 19),
(661, 155314040, 'YULIUS ELFRISA DESANCOKO', 24, 21, 19),
(662, 155314042, 'ANINDYA SABRINA PANGESTI', 24, 21, 19),
(663, 155314043, 'IGNASIUS GAYOH ADI JAYA', 24, 21, 19),
(664, 155314044, 'YOSAFAT WILLY CHRISTIAN', 24, 21, 19),
(665, 155314045, 'MONICA RINDA CHRISTANTO', 24, 21, 19),
(666, 155314049, 'SALVATORE KIDUNG SIMADANU', 24, 21, 19),
(667, 155314051, 'RIRIN DWI WIJAYANTI', 24, 21, 19),
(668, 155314054, 'NATALIA AMBARWATI', 24, 21, 19),
(669, 155314060, 'PETRUS AGUNG WICAKSANA ENJANG GUMELAR', 24, 21, 19),
(670, 155314061, 'GALIH SUPRAYOGO', 24, 21, 19),
(671, 155314067, 'MEGA ANINDITA', 24, 21, 19),
(672, 155314075, 'ANDREAS KEVIN FEBIANTO', 24, 21, 19),
(673, 155314076, 'DAVID PRASETYA ADI', 24, 21, 19),
(674, 155314088, 'VENTYA FERNITHA', 24, 21, 19),
(675, 155314100, 'RISKY SIMAREMARE', 24, 21, 19),
(676, 155314102, 'SEBASTIANUS RECZY.S', 24, 21, 19),
(677, 155314109, 'ELFRIDA AFENTRI MANURUNG', 24, 21, 19),
(678, 155314110, 'JULIANA ENGELINA MANULLANG', 24, 21, 19),
(679, 155314115, 'CLARA MARIA DE ROSARIO TAEK', 24, 21, 19),
(680, 155314118, 'ABRAHAM LOEDWIJCK', 24, 21, 19),
(681, 155314124, 'MARIA CHRISTIN SIMANJUNTAK', 24, 21, 19),
(682, 135314110, 'HERIBERTUS WIJIRAHARJO', 24, 21, 19),
(683, 145314002, 'ELIAS RONI', 24, 21, 19),
(684, 145314003, 'GUIDO TANPA PAMRIH', 24, 21, 19),
(685, 145314004, 'LUH AYU VIVI TAMARA', 24, 21, 19),
(686, 145314005, 'AGUSTINUS  AFRANO AMRAN', 24, 21, 19),
(687, 145314006, 'STEPHANUS SETYO PRABOWO', 24, 21, 19),
(688, 145314008, 'ROMANUS  NEMBY PAGEA SIM', 24, 21, 19),
(689, 145314014, 'WELI SARIADI', 24, 21, 19),
(690, 145314015, 'ANGELA RINTAN NIRMALASINTA', 24, 21, 19),
(691, 145314019, 'HILARIUS DEONALDI WIRANATHA', 24, 21, 19),
(692, 145314021, 'JOSEPH WIJAYA', 24, 21, 19),
(693, 145314024, 'STEFANUS ANDRE MARTA PUTRA', 24, 21, 19),
(694, 145314029, 'SINTA SEPTIAWANTI', 24, 21, 19),
(695, 145314030, 'BERNADUS GENERASI KRISTIAN', 24, 21, 19),
(696, 145314035, 'DESIRA MARIA FLORENTNIGA RUNUK', 24, 21, 19),
(697, 145314037, 'GANANG PAMUNGKAS', 24, 21, 19),
(698, 145314044, 'GUNAWAN WIJAYA', 24, 21, 19),
(699, 145314047, 'THEOFILUS YOGA KANANG PRADIPTA', 24, 21, 19),
(700, 145314077, 'BONAVENTURA BARU ARDIAN', 24, 21, 19),
(701, 145314088, 'BAGAS SABRANG SAGARA', 24, 21, 19),
(702, 145314111, 'IMAM DWICAHYA', 24, 21, 19),
(703, 155314050, 'BILY LESMANA', 24, 21, 19),
(704, 155314092, 'LENDRA RIADY', 24, 21, 19),
(705, 155314094, 'JOSHUA BOANERGES TAMPI', 24, 21, 19),
(706, 155314095, 'YOHANES ADI PURNOMO BATLAYERI', 24, 21, 19),
(707, 155314097, 'TIMOTIUS AQUINO FEBRI WIDYASETYANTO', 24, 21, 19),
(708, 155314106, 'LEONARDUS PITER MAHENDRA', 24, 21, 19),
(709, 155314107, 'CLEMENT ABRAHAM SIDOMULYO', 24, 21, 19),
(710, 155314108, 'PAULUS BREMA HUTAGALUNG', 24, 21, 19),
(711, 155314113, 'GISKA CLAUDIA SINULINGGA', 24, 21, 19),
(712, 155314116, 'GRACE MARSELA HILDA PATTINAMA', 24, 21, 19),
(713, 155314122, 'GRASFIKA APRIANI SIHITE', 24, 21, 19),
(714, 155314126, 'YERNI MEI SULASTRI BAPTISTA SITORUS', 24, 21, 19),
(715, 155314002, 'ASIH SULISTYANI', 26, 3, 20),
(716, 155314005, 'NOVA NIATI', 26, 3, 20),
(717, 155314012, 'MIKHA ADMAWIJAYA', 26, 3, 20),
(718, 155314013, 'LAYUNG INDRA APRILIA', 26, 3, 20),
(719, 155314014, 'EVANDER JULIANSYAH H', 26, 3, 20),
(720, 155314015, 'GERALDEV MANOAH', 26, 3, 20),
(721, 155314021, 'WENTRI FEBRIASIE', 26, 3, 20),
(722, 155314027, 'PETER GIGIH TRIMULYO HADI', 26, 3, 20),
(723, 155314028, 'YUNUS IHSAN SETYAWAN', 26, 3, 20),
(724, 155314033, 'GREGORIUS BIMA KHARISMA WICAKSANA', 26, 3, 20),
(725, 155314038, 'MARTINUS TRI NUR CAHYONO', 26, 3, 20),
(726, 155314048, 'YASINTHA PUTERI LARASATI', 26, 3, 20),
(727, 155314052, 'ANDREA SETYA DEWA', 26, 3, 20),
(728, 155314053, 'STEFANUS DWI RIARTO', 26, 3, 20),
(729, 155314055, 'YOHANES PUTRANTO SURYO KUSUMO', 26, 3, 20),
(730, 155314072, 'MARIO AGUSTORIUS LIODA GHETA SEDA', 26, 3, 20),
(731, 155314073, 'BASTIAN CHANDRA KUSUMA', 26, 3, 20),
(732, 155314074, 'RENTAH ASIH GALUH DEBORA ISSADHA', 26, 3, 20),
(733, 155314077, 'ORNANDO TRIHANDARU SETIAJI', 26, 3, 20),
(734, 155314082, 'ANDREAS CHRISANTO LALO NUSA', 26, 3, 20),
(735, 155314083, 'KALORINDA', 26, 3, 20),
(736, 155314086, 'Y. ADVENSIUS PUTRA PAMUNGKAS', 26, 3, 20),
(737, 155314117, 'GREGORIUS MAGNUS MEGA SANJAYA', 26, 3, 20),
(738, 155314123, 'BALTASAR YANUARIUS S. SUDJONO', 26, 3, 20),
(739, 145314003, 'GUIDO TANPA PAMRIH', 27, 21, 21),
(740, 155314004, 'YOHANA MUSTIKA RINJANI PUTRI', 27, 21, 21),
(741, 155314007, 'YESY MAYANG SARI', 27, 21, 21),
(742, 155314009, 'JAVA SINDHARA', 27, 21, 21),
(743, 155314020, 'DIONISIUS TAUFAN ENGGAR INDRAJAYA', 27, 21, 21),
(744, 155314022, 'WINDI TRI APRILIANI', 27, 21, 21),
(745, 155314025, 'AGENDA YUDHA SAMUDRA', 27, 21, 21),
(746, 155314026, 'CHRISTIAN CAROLUS BAGAS PRADANA', 27, 21, 21),
(747, 155314035, 'MARIA REGINA CELISETYAWATI', 27, 21, 21),
(748, 155314042, 'ANINDYA SABRINA PANGESTI', 27, 21, 21),
(749, 155314043, 'IGNASIUS GAYOH ADI JAYA', 27, 21, 21),
(750, 155314044, 'YOSAFAT WILLY CHRISTIAN', 27, 21, 21),
(751, 155314045, 'MONICA RINDA CHRISTANTO', 27, 21, 21),
(752, 155314046, 'FELLIA FEBRIANI', 27, 21, 21),
(753, 155314049, 'SALVATORE KIDUNG SIMADANU', 27, 21, 21),
(754, 155314051, 'RIRIN DWI WIJAYANTI', 27, 21, 21),
(755, 155314060, 'PETRUS AGUNG WICAKSANA ENJANG GUMELAR', 27, 21, 21),
(756, 155314061, 'GALIH SUPRAYOGO', 27, 21, 21),
(757, 155314067, 'MEGA ANINDITA', 27, 21, 21),
(758, 155314075, 'ANDREAS KEVIN FEBIANTO', 27, 21, 21),
(759, 155314085, 'VINCENTIUS BAYU FAJAR KURNIAWAN', 27, 21, 21),
(760, 155314090, 'REINARDUS AJI HARISTU', 27, 21, 21),
(761, 155314099, 'SULISTYO ATMOJO', 27, 21, 21),
(762, 155314100, 'RISKY SIMAREMARE', 27, 21, 21),
(763, 155314102, 'SEBASTIANUS RECZY.S', 27, 21, 21),
(764, 155314104, 'RENALDI', 27, 21, 21),
(765, 155314106, 'LEONARDUS PITER MAHENDRA', 27, 21, 21),
(766, 155314109, 'ELFRIDA AFENTRI MANURUNG', 27, 21, 21),
(767, 155314115, 'CLARA MARIA DE ROSARIO TAEK', 27, 21, 21),
(768, 155314118, 'ABRAHAM LOEDWIJCK', 27, 21, 21),
(769, 155314122, 'GRASFIKA APRIANI SIHITE', 27, 21, 21),
(770, 145314028, 'TOMY DRIANTAMA LAKSONO', 27, 21, 22),
(771, 155314003, 'PRADHIKA DWI YULDANIA', 27, 21, 22),
(772, 155314008, 'ADRES KUSUMAWARDHANA', 27, 21, 22),
(773, 155314017, 'ALBERTHUS PRAMUDITO PUTRA BERNANTO', 27, 21, 22),
(774, 155314023, 'OKTAVIANUS ZENGGI SURYA PUTRANJAYA', 27, 21, 22),
(775, 155314024, 'OSMOND GIOVANNI INDYAPUTRA', 27, 21, 22),
(776, 155314036, 'ANDITIO KURNIA WIJAYA', 27, 21, 22),
(777, 155314037, 'ROBERTUS GARIN PERMANA', 27, 21, 22),
(778, 155314040, 'YULIUS ELFRISA DESANCOKO', 27, 21, 22),
(779, 155314047, 'NOVRI KARYADI SAHPUTRA', 27, 21, 22),
(780, 155314050, 'BILY LESMANA', 27, 21, 22),
(781, 155314054, 'NATALIA AMBARWATI', 27, 21, 22),
(782, 155314063, 'NANDIEL DESEA ANDANA', 27, 21, 22),
(783, 155314076, 'DAVID PRASETYA ADI', 27, 21, 22),
(784, 155314088, 'VENTYA FERNITHA', 27, 21, 22),
(785, 155314089, 'GHERALDO SARANGNGA\' BENDON', 27, 21, 22),
(786, 155314092, 'LENDRA RIADY', 27, 21, 22),
(787, 155314094, 'JOSHUA BOANERGES TAMPI', 27, 21, 22),
(788, 155314095, 'YOHANES ADI PURNOMO BATLAYERI', 27, 21, 22),
(789, 155314097, 'TIMOTIUS AQUINO FEBRI WIDYASETYANTO', 27, 21, 22),
(790, 155314101, 'CAHYA WICAKSANA', 27, 21, 22),
(791, 155314107, 'CLEMENT ABRAHAM SIDOMULYO', 27, 21, 22),
(792, 155314108, 'PAULUS BREMA HUTAGALUNG', 27, 21, 22),
(793, 155314110, 'JULIANA ENGELINA MANULLANG', 27, 21, 22),
(794, 155314113, 'GISKA CLAUDIA SINULINGGA', 27, 21, 22),
(795, 155314116, 'GRACE MARSELA HILDA PATTINAMA', 27, 21, 22),
(796, 155314124, 'MARIA CHRISTIN SIMANJUNTAK', 27, 21, 22),
(797, 155314126, 'YERNI MEI SULASTRI BAPTISTA SITORUS', 27, 21, 22),
(798, 145314007, 'AGUSTINUS JAROT', 29, 22, 23),
(799, 155314003, 'PRADHIKA DWI YULDANIA', 29, 22, 23),
(800, 155314004, 'YOHANA MUSTIKA RINJANI PUTRI', 29, 22, 23),
(801, 155314007, 'YESY MAYANG SARI', 29, 22, 23),
(802, 155314008, 'ADRES KUSUMAWARDHANA', 29, 22, 23),
(803, 155314009, 'JAVA SINDHARA', 29, 22, 23),
(804, 155314017, 'ALBERTHUS PRAMUDITO PUTRA BERNANTO', 29, 22, 23),
(805, 155314020, 'DIONISIUS TAUFAN ENGGAR INDRAJAYA', 29, 22, 23),
(806, 155314022, 'WINDI TRI APRILIANI', 29, 22, 23),
(807, 155314023, 'OKTAVIANUS ZENGGI SURYA PUTRANJAYA', 29, 22, 23),
(808, 155314025, 'AGENDA YUDHA SAMUDRA', 29, 22, 23),
(809, 155314026, 'CHRISTIAN CAROLUS BAGAS PRADANA', 29, 22, 23),
(810, 155314035, 'MARIA REGINA CELISETYAWATI', 29, 22, 23),
(811, 155314036, 'ANDITIO KURNIA WIJAYA', 29, 22, 23),
(812, 155314037, 'ROBERTUS GARIN PERMANA', 29, 22, 23),
(813, 155314040, 'YULIUS ELFRISA DESANCOKO', 29, 22, 23),
(814, 155314042, 'ANINDYA SABRINA PANGESTI', 29, 22, 23),
(815, 155314043, 'IGNASIUS GAYOH ADI JAYA', 29, 22, 23),
(816, 155314044, 'YOSAFAT WILLY CHRISTIAN', 29, 22, 23),
(817, 155314045, 'MONICA RINDA CHRISTANTO', 29, 22, 23),
(818, 155314046, 'FELLIA FEBRIANI', 29, 22, 23),
(819, 155314047, 'NOVRI KARYADI SAHPUTRA', 29, 22, 23),
(820, 155314049, 'SALVATORE KIDUNG SIMADANU', 29, 22, 23),
(821, 155314050, 'BILY LESMANA', 29, 22, 23),
(822, 155314051, 'RIRIN DWI WIJAYANTI', 29, 22, 23),
(823, 155314054, 'NATALIA AMBARWATI', 29, 22, 23),
(824, 155314060, 'PETRUS AGUNG WICAKSANA ENJANG GUMELAR', 29, 22, 23),
(825, 155314061, 'GALIH SUPRAYOGO', 29, 22, 23),
(826, 155314063, 'NANDIEL DESEA ANDANA', 29, 22, 23),
(827, 155314067, 'MEGA ANINDITA', 29, 22, 23),
(828, 155314075, 'ANDREAS KEVIN FEBIANTO', 29, 22, 23),
(829, 155314076, 'DAVID PRASETYA ADI', 29, 22, 23),
(830, 155314085, 'VINCENTIUS BAYU FAJAR KURNIAWAN', 29, 22, 23),
(831, 155314088, 'VENTYA FERNITHA', 29, 22, 23),
(832, 155314089, 'GHERALDO SARANGNGA\' BENDON', 29, 22, 23),
(833, 155314090, 'REINARDUS AJI HARISTU', 29, 22, 23),
(834, 155314092, 'LENDRA RIADY', 29, 22, 23),
(835, 155314094, 'JOSHUA BOANERGES TAMPI', 29, 22, 23),
(836, 155314095, 'YOHANES ADI PURNOMO BATLAYERI', 29, 22, 23),
(837, 155314097, 'TIMOTIUS AQUINO FEBRI WIDYASETYANTO', 29, 22, 23),
(838, 155314099, 'SULISTYO ATMOJO', 29, 22, 23),
(839, 155314100, 'RISKY SIMAREMARE', 29, 22, 23),
(840, 155314101, 'CAHYA WICAKSANA', 29, 22, 23),
(841, 155314102, 'SEBASTIANUS RECZY.S', 29, 22, 23),
(842, 155314104, 'RENALDI', 29, 22, 23),
(843, 155314106, 'LEONARDUS PITER MAHENDRA', 29, 22, 23),
(844, 155314107, 'CLEMENT ABRAHAM SIDOMULYO', 29, 22, 23),
(845, 155314108, 'PAULUS BREMA HUTAGALUNG', 29, 22, 23),
(846, 155314109, 'ELFRIDA AFENTRI MANURUNG', 29, 22, 23),
(847, 155314110, 'JULIANA ENGELINA MANULLANG', 29, 22, 23),
(848, 155314113, 'GISKA CLAUDIA SINULINGGA', 29, 22, 23),
(849, 155314115, 'CLARA MARIA DE ROSARIO TAEK', 29, 22, 23),
(850, 155314116, 'GRACE MARSELA HILDA PATTINAMA', 29, 22, 23),
(851, 155314118, 'ABRAHAM LOEDWIJCK', 29, 22, 23),
(852, 155314122, 'GRASFIKA APRIANI SIHITE', 29, 22, 23),
(853, 155314124, 'MARIA CHRISTIN SIMANJUNTAK', 29, 22, 23),
(854, 155314126, 'YERNI MEI SULASTRI BAPTISTA SITORUS', 29, 22, 23),
(855, 145314015, 'ANGELA RINTAN NIRMALASINTA', 30, 23, 24),
(856, 145314089, 'ALFRIAN FERNANDO LAMAWURAN', 30, 23, 24),
(857, 145314110, 'MULIADI MARPAUNG', 30, 23, 24),
(858, 155314046, 'FELLIA FEBRIANI', 30, 23, 24),
(859, 155314101, 'CAHYA WICAKSANA', 30, 23, 24),
(860, 165314028, 'WILLIAMS NICOSEN', 30, 23, 24),
(861, 165314031, 'ADITYA GALIH DIKA SIWI', 30, 23, 24),
(862, 165314045, 'JOHAN SATRIA KESUMA', 30, 23, 24),
(863, 165314046, 'FERDINANDUS LEMBAMBANG SULA', 30, 23, 24),
(864, 165314047, 'YANUARIUS BASILIUS', 30, 23, 24),
(865, 165314051, 'CHRISTIANTO EGA PRASETYO', 30, 23, 24),
(866, 165314061, 'NICODEMUS SEPTINOS PATI', 30, 23, 24),
(867, 165314067, 'YOHANES MARIA VIANEY RUMA', 30, 23, 24),
(868, 165314068, 'MAKSIMILIANUS WILLIAM KAUS PUTRA', 30, 23, 24),
(869, 165314070, 'WAYAN SUGIARSA', 30, 23, 24),
(870, 165314073, 'ARTHA DIAN SINAGA', 30, 23, 24),
(871, 165314080, 'YOHANES KAPISTRANO NANA', 30, 23, 24),
(872, 165314081, 'NORBERTUS KHRISNA PRATAMA', 30, 23, 24),
(873, 165314086, 'CAROLINE ASTERIA CAEZAR ARYANI', 30, 23, 24),
(874, 165314087, 'ALBERT MATHIUN', 30, 23, 24),
(875, 165314090, 'ANASTASIA NOVIA WINDRAWATI', 30, 23, 24),
(876, 165314100, 'GEORGIUS I PUTU VANDI SETYAWAN', 30, 23, 24),
(877, 165314101, 'ALFRIYANDI DWI PRADIPTA SINAGA', 30, 23, 24),
(878, 165314102, 'RACHEL ELISA UTAMA', 30, 23, 24),
(879, 165314103, 'PUTU INTAN HASRI PUTRI', 30, 23, 24),
(880, 165314107, 'ALVA GRACEORA NUGROHO', 30, 23, 24),
(881, 165314110, 'MARETHA ELISTYANA', 30, 23, 24),
(882, 165314111, 'ANDREAS YAN PRATAMA ADI PANGESTU', 30, 23, 24),
(883, 165314112, 'NINDA MAWARNI', 30, 23, 24),
(884, 165314113, 'INDAH PERMATA SARI', 30, 23, 24),
(885, 165314116, 'HANANTO WIDIGDO', 30, 23, 24),
(886, 165314121, 'VALENTINA YOHANA SENDUK', 30, 23, 24),
(887, 165314124, 'DODI FERNANDO TAMBUNAN', 30, 23, 24),
(888, 155314034, 'ANTONIO KENNY SETIAWAN', 30, 23, 24),
(889, 165314001, 'YAKOBUS ARIS ARVANTO', 30, 23, 24),
(890, 165314003, 'NANANG HIMAWAN FAUZI', 30, 23, 24),
(891, 165314006, 'ANTONIUS YOGI PRIHANTORO', 30, 23, 24),
(892, 165314007, 'WIDI FIRMANSYAH', 30, 23, 24),
(893, 165314009, 'EVANNOAH ROLIMARCH PRATAMA', 30, 23, 24),
(894, 165314015, 'REYNALDI SETIAWAN', 30, 23, 24),
(895, 165314017, 'FRANSISCUS XAVERIUS DHIMAS DWI RATNANTO', 30, 23, 24),
(896, 165314018, 'GESANG AGENG TRISAKTI', 30, 23, 24),
(897, 165314020, 'YOGA DWI PRASETYO', 30, 23, 24),
(898, 165314021, 'TATAG HARDOYO', 30, 23, 24),
(899, 165314023, 'AURELI ISAIAS', 30, 23, 24),
(900, 165314025, 'ANTONIUS BAYU ANGGORO JATI', 30, 23, 24),
(901, 165314029, 'HADIYAN FAIKAR', 30, 23, 24),
(902, 165314033, 'JOSPHINE WAHYU SURYAKUMALA', 30, 23, 24),
(903, 165314036, 'MARIO ADITYA PRIMANDARU', 30, 23, 24),
(904, 165314037, 'VERONICA MEIDITA SETYANI', 30, 23, 24),
(905, 165314039, 'ANDREAS BENY KURNIAWAN', 30, 23, 24),
(906, 165314041, 'YOS RIO PURAGA', 30, 23, 24),
(907, 165314042, 'FERDINAND ANDRE PASARIBU', 30, 23, 24),
(908, 165314043, 'RICKY FERDIAN', 30, 23, 24),
(909, 165314050, 'KRISTIANUS YULI KURNIAWAN', 30, 23, 24),
(910, 165314053, 'FINSA ABRAHAM ALBIYANDA', 30, 23, 24),
(911, 165314054, 'EZRA PETRA NAMSA', 30, 23, 24),
(912, 165314058, 'HANDOKO PRASETYO', 30, 23, 24),
(913, 165314060, 'STEFANUS KEVIN WICAKSONO', 30, 23, 24),
(914, 165314062, 'KLAUDIA KISNODI', 30, 23, 24),
(915, 165314069, 'DESI RATNASARI', 30, 23, 24),
(916, 165314071, 'FRANSISCUS DWIAN ANUGERAH PRAMANA', 30, 23, 24),
(917, 165314077, 'YOLANDA EVELINE ARDININGTYAS', 30, 23, 24),
(918, 165314093, 'BAGAS DHITYA TAUFIQQI', 30, 23, 24),
(919, 165314098, 'PAULINA MANGANDE', 30, 23, 24),
(920, 165314105, 'EKA PUTRA KURNIASANDY BENE DIKTUS', 30, 23, 24),
(921, 165314118, 'EGIDIA YUNI SAVITRI', 30, 23, 24),
(922, 185314019, 'MARTINUS TRIWAHYUDI SUYANA', 3, 2, 25),
(923, 185314024, 'I GUSTI BAGUS ARI SIDI MANTRA ARSANA', 3, 2, 25),
(924, 185314029, 'MARIA FELICIA', 3, 2, 25),
(925, 185314049, 'MARINA SUPPU LANGI', 3, 2, 25),
(926, 185314072, 'GEORGE JUSEN', 3, 2, 25),
(927, 185314089, 'DESY RAMADHANI RUMBOU', 3, 2, 25),
(928, 185314094, 'ALEXANDRA VELMAS DUMATUBUN', 3, 2, 25),
(929, 185314104, 'YOLANTA NASTASIA NOU DOPO', 3, 2, 25),
(930, 185314109, 'PRISCILLA ANGELLA INDRIANI.T.DERU', 3, 2, 25),
(931, 185314110, 'NIDYA MUFLIHASARI', 3, 2, 25),
(932, 185314114, 'AGUSTINA BUDI STEVANI', 3, 2, 25),
(933, 185314116, 'D. AGUNG DANARIYANTO', 3, 2, 25),
(934, 185314120, 'NOVIYAN IMAM ARIFIN', 3, 2, 25),
(935, 185314122, 'LAURENSIUS FERDINAN PUTRA NUGROHO', 3, 2, 25),
(936, 185314124, 'GREGORIUS YURISTAMA NUGRAHA', 3, 2, 25),
(937, 185314125, 'DYLINE MELYNEA FERNANDEZ', 3, 2, 25),
(938, 185314127, 'DEAN CHRISTIANANDA ALFA WIBOWO SILITONGA', 3, 2, 25),
(939, 185314129, 'PRILY ADISAPUTRA RUBAKLANGI\'', 3, 2, 25),
(940, 185314130, 'GREGORIUS ARYO DWIATMOJO', 3, 2, 25),
(941, 185314135, 'DHARU JIWO PAMBUDI', 3, 2, 25);
INSERT INTO `presensi` (`idPresensi`, `nim`, `nama`, `idMakul`, `idDosen`, `idRuangan`) VALUES
(942, 185314136, 'I GUSTI NGURAH ASTIKA PRADNYANA DALEM', 3, 2, 25),
(943, 185314138, 'PRIMA ELISA SEGU', 3, 2, 25),
(944, 185314140, 'FEBIOLA FIRSTNANDA DAW', 3, 2, 25),
(945, 185314141, 'ALLYSA AMEIDYA SEKARANI', 3, 2, 25),
(946, 185314142, 'DIMAS RESTU PAMUNGKAS', 3, 2, 25),
(947, 185314143, 'HERMINA DAI WADAN', 3, 2, 25),
(948, 185314144, 'ELFAN IOBINA VISKI PURBA', 3, 2, 25),
(949, 185314146, 'KATHYCIA', 3, 2, 25),
(950, 145314083, 'WAHYUNING NDARU TEJOKUSUMO', 3, 3, 26),
(951, 185314002, 'MILSYEL HARYANTO', 3, 3, 26),
(952, 185314003, 'YUSUF FERLIAN ADITYA', 3, 3, 26),
(953, 185314004, 'CALISTA OMEGA MARELLA', 3, 3, 26),
(954, 185314005, 'DENNIS BONARDO SIMATUPANG', 3, 3, 26),
(955, 185314006, 'CAECILIA MITA TENOWANI', 3, 3, 26),
(956, 185314007, 'GRACIA STEFANI PUTRI', 3, 3, 26),
(957, 185314008, 'ATANASIUS DEO FIRMANDA', 3, 3, 26),
(958, 185314009, 'NIKOLAS SATYA SUDIBYONO', 3, 3, 26),
(959, 185314012, 'YB DAVID RAHARDITYA', 3, 3, 26),
(960, 185314013, 'B VIRGIAWAN CHANDRA KUSUMA', 3, 3, 26),
(961, 185314016, 'IGNATIUS OBED TITO ASMODITOMO', 3, 3, 26),
(962, 185314017, 'CHRISTIAN HERDANIO HADINISWORO', 3, 3, 26),
(963, 185314018, 'JUAN HENDRY ARTARICK', 3, 3, 26),
(964, 185314020, 'RAFAEL NANDA WIBISANA GOTRIE', 3, 3, 26),
(965, 185314021, 'RYAN HERMAWAN', 3, 3, 26),
(966, 185314022, 'YOGA PUJA ARITAMA', 3, 3, 26),
(967, 185314023, 'VINCENTIUS DEOGA YOBE CHRISNATA', 3, 3, 26),
(968, 185314025, 'ANDIKA BAGUS SANTOSO', 3, 3, 26),
(969, 185314028, 'MARCELINA ROSA MILLEONITA', 3, 3, 26),
(970, 185314030, 'ANTONIUS DIGYO HENDARTO', 3, 3, 26),
(971, 185314031, 'R. BINTANG YUBELLA HEMAS MURTONO', 3, 3, 26),
(972, 185314032, 'SISILIA TRI AGUSTINA', 3, 3, 26),
(973, 185314033, 'F. VIVIAN PRASKA WANDITA', 3, 3, 26),
(974, 185314034, 'YOHANES WICAKSONO ADI', 3, 3, 26),
(975, 185314036, 'RICHARDO SAPUTRA YOEWONO', 3, 3, 26),
(976, 185314039, 'EMILIANA SALDIOSTRI', 3, 3, 26),
(977, 185314040, 'INGOEL KRISTIANI', 3, 3, 26),
(978, 185314041, 'BAYU RESTU ADJI', 3, 3, 26),
(979, 185314042, 'IVAN KURNIAWAN', 3, 3, 26),
(980, 145314071, 'NIMAS AYU TIARA PERMATASARI', 3, 22, 4),
(981, 185314044, 'WAYAN EGY MARTEJA', 3, 22, 4),
(982, 185314045, 'RAJENDRA LUBDHAKA MURTI', 3, 22, 4),
(983, 185314048, 'STEPHANUS FELIX SURYANTO', 3, 22, 4),
(984, 185314051, 'BAGUS TRI GULARSO', 3, 22, 4),
(985, 185314052, 'FERNANDO LISTANTOKO', 3, 22, 4),
(986, 185314053, 'IGNASIUS TAGAST KRISNAPUTRA', 3, 22, 4),
(987, 185314055, 'HIERONIMUS ANGGIT TABA', 3, 22, 4),
(988, 185314057, 'ROMANUS DARMA', 3, 22, 4),
(989, 185314059, 'GRACELLA ANGELICA EKARIATI PATIUNG', 3, 22, 4),
(990, 185314060, 'WAHYU GALANG ARLIANSYAH', 3, 22, 4),
(991, 185314061, 'DIAN PUTRA ANUGRAH S.B', 3, 22, 4),
(992, 185314062, 'LIDWINA RATIH TRI WULANDARI', 3, 22, 4),
(993, 185314063, 'EVARISTA IRIANTI', 3, 22, 4),
(994, 185314064, 'CINDY YUDHITA MASSUDI', 3, 22, 4),
(995, 185314065, 'YOSEPH ARGA BAGASKARA', 3, 22, 4),
(996, 185314067, 'FELISITAS GEA NANDA ELVIONA', 3, 22, 4),
(997, 185314068, 'DANIEL DEWANTO', 3, 22, 4),
(998, 185314070, 'PETRUS GALANG ANDRIANTO', 3, 22, 4),
(999, 185314073, 'KAROLINA NOVERISKA', 3, 22, 4),
(1000, 185314074, 'MONICA YESONIA', 3, 22, 4),
(1001, 185314076, 'CORNELIA NAYKIM', 3, 22, 4),
(1002, 185314077, 'DEWI', 3, 22, 4),
(1003, 185314080, 'CINTYA CLAUDYA', 3, 22, 4),
(1004, 185314081, 'ANASTHASYA MILLENIA PULUNGAN', 3, 22, 4),
(1005, 185314083, 'BONIFATIUS CHOSHE MANGGALA PUTRA', 3, 22, 4),
(1006, 185314084, 'YOHANES DEMAS ZANDRO NOVANTA', 3, 22, 4),
(1007, 185314085, 'EDUARDUS ERIK', 3, 22, 4),
(1008, 185314086, 'DAMIANUS HALILINTAR', 3, 22, 4),
(1009, 185314088, 'STEFANUS HARDIKI KARDOS', 3, 22, 4),
(1010, 185314090, 'VITUS DAMA JIVANOV', 3, 22, 4),
(1011, 125314088, 'JULIAN DWI ROSANTA', 3, 5, 5),
(1012, 155314102, 'SEBASTIANUS RECZY.S', 3, 5, 5),
(1013, 185314091, 'SHINE CROSSIFIXIO SIANTURI', 3, 5, 5),
(1014, 185314092, 'NESTA LAKSANA DANISWARA', 3, 5, 5),
(1015, 185314093, 'KRISTIAN ARYANTO WIBOWO', 3, 5, 5),
(1016, 185314095, 'ANTONIUS BAGUS HENDI SAPUTRO', 3, 5, 5),
(1017, 185314096, 'TIANSI MIRANDA SITINJAK', 3, 5, 5),
(1018, 185314097, 'YOGI ERNESTO SIREKEN', 3, 5, 5),
(1019, 185314098, 'FAJAR WASKITO', 3, 5, 5),
(1020, 185314099, 'RIZKY STEVANUS HAMONANGAN BUTAR BUTAR', 3, 5, 5),
(1021, 185314102, 'NUR WIKAHA MEIDY BROMOZA HS', 3, 5, 5),
(1022, 185314105, 'TEOFILUS ALFANO DESWANDA', 3, 5, 5),
(1023, 185314107, 'CALVIN EKAYANA', 3, 5, 5),
(1024, 185314108, 'PHILIPUS AGRI ADHIATMA', 3, 5, 5),
(1025, 185314111, 'KENNY GILBERT', 3, 5, 5),
(1026, 185314113, 'ANDRIY GABRIELO BASTIANTO', 3, 5, 5),
(1027, 185314115, 'GERARDUS MAJELLA HANGGER ANOM KASWOROJATI', 3, 5, 5),
(1028, 185314117, 'DESI DERIUS MILLENIYO ROWANDA', 3, 5, 5),
(1029, 185314118, 'RADIT AGATHA PRAKOSO', 3, 5, 5),
(1030, 185314119, 'OKTA SETYA PUTRA AGUSTIN', 3, 5, 5),
(1031, 185314121, 'FRANCISKUS HENDARDI', 3, 5, 5),
(1032, 185314123, 'YULIA ARTHA ROSARI', 3, 5, 5),
(1033, 185314126, 'RAKA PRIMANDA PUTRA', 3, 5, 5),
(1034, 185314128, 'LAURA FALENCIA OKTAVIA PANGARIBUAN', 3, 5, 5),
(1035, 185314131, 'ARNOLDUS HARYANTO GARUM', 3, 5, 5),
(1036, 185314133, 'NATANAEL LUMEN CHRISTY', 3, 5, 5),
(1037, 185314134, 'YOSAFAT YOAKIM KURNIA', 3, 5, 5),
(1038, 185314137, 'MARCHELIENE MIRYASTRI BOLO', 3, 5, 5),
(1039, 185314139, 'RADEN MICHAEL MAHIRSYA UMBA HARDIPUTRA', 3, 5, 5),
(1040, 185314145, 'PASKALIS MELONIUS MOLO', 3, 5, 5),
(1041, 185314147, 'CHORNELIA CHRISENTYA DEVI', 3, 5, 5),
(1042, 185314001, 'ARYO NOVIANTO NUGROHO', 3, 6, 6),
(1043, 185314010, 'HERIBERTUS ARGANA RAJENDRA IVANTO', 3, 6, 6),
(1044, 185314011, 'PRATAMA BEKTI KRISTANTO', 3, 6, 6),
(1045, 185314014, 'MATIAS SETO PRAYOGO', 3, 6, 6),
(1046, 185314015, 'DOMINIKUS DWIKA HARYO YUWONO', 3, 6, 6),
(1047, 185314026, 'GERDARISTA G URSULA ANOFA', 3, 6, 6),
(1048, 185314027, 'BERLIANA RESHITASWARI', 3, 6, 6),
(1049, 185314035, 'MARSHELLINUS GALUNG PRATAMA', 3, 6, 6),
(1050, 185314037, 'MARIA CHRISTINNE APRIJANY TJUNG', 3, 6, 6),
(1051, 185314038, 'MAURICE ELANG BRAMASTA', 3, 6, 6),
(1052, 185314043, 'BERNADS BAGASKARA WAYANTO', 3, 6, 6),
(1053, 185314046, 'JODHI ADI MAHENDRA', 3, 6, 6),
(1054, 185314047, 'ANDREAS EVAN SANTOSO', 3, 6, 6),
(1055, 185314050, 'BIONDY TIMOTHY', 3, 6, 6),
(1056, 185314054, 'DRAJAT WIDYA KURNIAWAN', 3, 6, 6),
(1057, 185314056, 'YESAYA RAHUTAMA SATRIA JATI', 3, 6, 6),
(1058, 185314058, 'YOHANES DANI PRATAMA RAHADIANTO', 3, 6, 6),
(1059, 185314066, 'ROY GABE SITOMORANG', 3, 6, 6),
(1060, 185314069, 'YOLENDES HERMADI DANDI', 3, 6, 6),
(1061, 185314071, 'RESKY NOVALIANDY', 3, 6, 6),
(1062, 185314075, 'RAMOT YUSTIAN HALIM PASARIBU', 3, 6, 6),
(1063, 185314078, 'PUTU DIKI CHANDRA', 3, 6, 6),
(1064, 185314079, 'GERARDUS ARLY SETIAWAN', 3, 6, 6),
(1065, 185314082, 'MICHAEL DANI KOGOYA', 3, 6, 6),
(1066, 185314087, 'ROBERTO DANIEL PASARIBU', 3, 6, 6),
(1067, 185314100, 'SANGAJI IHSAN NURKHOLIS', 3, 6, 6),
(1068, 185314101, 'YUDHA ADHI PANGESTU', 3, 6, 6),
(1069, 185314103, 'AGUSTINUS DENISIUS YEUYANAN', 3, 6, 6),
(1070, 185314112, 'BANU NAI NGALIS', 3, 6, 6),
(1071, 185314132, 'STEVANI MARIA MEILISSA SAPCA SAGURUNG', 3, 6, 6),
(1072, 145314083, 'WAHYUNING NDARU TEJOKUSUMO', 37, 20, 27),
(1073, 165314001, 'YAKOBUS ARIS ARVANTO', 37, 20, 27),
(1074, 165314003, 'NANANG HIMAWAN FAUZI', 37, 20, 27),
(1075, 165314006, 'ANTONIUS YOGI PRIHANTORO', 37, 20, 27),
(1076, 165314007, 'WIDI FIRMANSYAH', 37, 20, 27),
(1077, 165314009, 'EVANNOAH ROLIMARCH PRATAMA', 37, 20, 27),
(1078, 165314015, 'REYNALDI SETIAWAN', 37, 20, 27),
(1079, 165314017, 'FRANSISCUS XAVERIUS DHIMAS DWI RATNANTO', 37, 20, 27),
(1080, 165314020, 'YOGA DWI PRASETYO', 37, 20, 27),
(1081, 165314021, 'TATAG HARDOYO', 37, 20, 27),
(1082, 165314023, 'AURELI ISAIAS', 37, 20, 27),
(1083, 165314025, 'ANTONIUS BAYU ANGGORO JATI', 37, 20, 27),
(1084, 165314029, 'HADIYAN FAIKAR', 37, 20, 27),
(1085, 165314054, 'EZRA PETRA NAMSA', 37, 20, 27),
(1086, 165314062, 'KLAUDIA KISNODI', 37, 20, 27),
(1087, 165314067, 'YOHANES MARIA VIANEY RUMA', 37, 20, 27),
(1088, 165314069, 'DESI RATNASARI', 37, 20, 27),
(1089, 165314070, 'WAYAN SUGIARSA', 37, 20, 27),
(1090, 165314071, 'FRANSISCUS DWIAN ANUGERAH PRAMANA', 37, 20, 27),
(1091, 165314087, 'ALBERT MATHIUN', 37, 20, 27),
(1092, 165314093, 'BAGAS DHITYA TAUFIQQI', 37, 20, 27),
(1093, 165314098, 'PAULINA MANGANDE', 37, 20, 27),
(1094, 165314103, 'PUTU INTAN HASRI PUTRI', 37, 20, 27),
(1095, 165314105, 'EKA PUTRA KURNIASANDY BENE DIKTUS', 37, 20, 27),
(1096, 165314107, 'ALVA GRACEORA NUGROHO', 37, 20, 27),
(1097, 165314110, 'MARETHA ELISTYANA', 37, 20, 27),
(1098, 165314111, 'ANDREAS YAN PRATAMA ADI PANGESTU', 37, 20, 27),
(1099, 165314112, 'NINDA MAWARNI', 37, 20, 27),
(1100, 165314116, 'HANANTO WIDIGDO', 37, 20, 27),
(1101, 165314118, 'EGIDIA YUNI SAVITRI', 37, 20, 27),
(1102, 165314121, 'VALENTINA YOHANA SENDUK', 37, 20, 27),
(1103, 165314124, 'DODI FERNANDO TAMBUNAN', 37, 20, 27),
(1104, 125314129, 'FEBRY RHENALDY', 37, 24, 28),
(1105, 165314018, 'GESANG AGENG TRISAKTI', 37, 24, 28),
(1106, 165314028, 'WILLIAMS NICOSEN', 37, 24, 28),
(1107, 165314031, 'ADITYA GALIH DIKA SIWI', 37, 24, 28),
(1108, 165314033, 'JOSPHINE WAHYU SURYAKUMALA', 37, 24, 28),
(1109, 165314036, 'MARIO ADITYA PRIMANDARU', 37, 24, 28),
(1110, 165314037, 'VERONICA MEIDITA SETYANI', 37, 24, 28),
(1111, 165314039, 'ANDREAS BENY KURNIAWAN', 37, 24, 28),
(1112, 165314041, 'YOS RIO PURAGA', 37, 24, 28),
(1113, 165314042, 'FERDINAND ANDRE PASARIBU', 37, 24, 28),
(1114, 165314043, 'RICKY FERDIAN', 37, 24, 28),
(1115, 165314045, 'JOHAN SATRIA KESUMA', 37, 24, 28),
(1116, 165314046, 'FERDINANDUS LEMBAMBANG SULA', 37, 24, 28),
(1117, 165314047, 'YANUARIUS BASILIUS', 37, 24, 28),
(1118, 165314050, 'KRISTIANUS YULI KURNIAWAN', 37, 24, 28),
(1119, 165314051, 'CHRISTIANTO EGA PRASETYO', 37, 24, 28),
(1120, 165314053, 'FINSA ABRAHAM ALBIYANDA', 37, 24, 28),
(1121, 165314058, 'HANDOKO PRASETYO', 37, 24, 28),
(1122, 165314060, 'STEFANUS KEVIN WICAKSONO', 37, 24, 28),
(1123, 165314061, 'NICODEMUS SEPTINOS PATI', 37, 24, 28),
(1124, 165314068, 'MAKSIMILIANUS WILLIAM KAUS PUTRA', 37, 24, 28),
(1125, 165314073, 'ARTHA DIAN SINAGA', 37, 24, 28),
(1126, 165314077, 'YOLANDA EVELINE ARDININGTYAS', 37, 24, 28),
(1127, 165314080, 'YOHANES KAPISTRANO NANA', 37, 24, 28),
(1128, 165314081, 'NORBERTUS KHRISNA PRATAMA', 37, 24, 28),
(1129, 165314086, 'CAROLINE ASTERIA CAEZAR ARYANI', 37, 24, 28),
(1130, 165314090, 'ANASTASIA NOVIA WINDRAWATI', 37, 24, 28),
(1131, 165314100, 'GEORGIUS I PUTU VANDI SETYAWAN', 37, 24, 28),
(1132, 165314101, 'ALFRIYANDI DWI PRADIPTA SINAGA', 37, 24, 28),
(1133, 165314102, 'RACHEL ELISA UTAMA', 37, 24, 28),
(1134, 165314113, 'INDAH PERMATA SARI', 37, 24, 28),
(1135, 165314001, 'YAKOBUS ARIS ARVANTO', 39, 6, 29),
(1136, 165314002, 'ALEXANDER BERNADUS SUNGKONO', 39, 6, 29),
(1137, 165314003, 'NANANG HIMAWAN FAUZI', 39, 6, 29),
(1138, 165314004, 'GEDE RIZKY BELA DHARMA RUDYARTA', 39, 6, 29),
(1139, 165314006, 'ANTONIUS YOGI PRIHANTORO', 39, 6, 29),
(1140, 165314007, 'WIDI FIRMANSYAH', 39, 6, 29),
(1141, 165314009, 'EVANNOAH ROLIMARCH PRATAMA', 39, 6, 29),
(1142, 165314011, 'WENSESLAUS TYAS WICAKSANA', 39, 6, 29),
(1143, 165314012, 'BANYU WANA AJI', 39, 6, 29),
(1144, 165314013, 'AGNES WIDIANINGSIH WULANDARI', 39, 6, 29),
(1145, 165314014, 'BERNADETTE CHRESTELLA', 39, 6, 29),
(1146, 165314015, 'REYNALDI SETIAWAN', 39, 6, 29),
(1147, 165314016, 'WILLY FRANSCA', 39, 6, 29),
(1148, 165314017, 'FRANSISCUS XAVERIUS DHIMAS DWI RATNANTO', 39, 6, 29),
(1149, 165314018, 'GESANG AGENG TRISAKTI', 39, 6, 29),
(1150, 165314020, 'YOGA DWI PRASETYO', 39, 6, 29),
(1151, 165314021, 'TATAG HARDOYO', 39, 6, 29),
(1152, 165314023, 'AURELI ISAIAS', 39, 6, 29),
(1153, 165314024, 'CLARA RUMONDANG', 39, 6, 29),
(1154, 165314025, 'ANTONIUS BAYU ANGGORO JATI', 39, 6, 29),
(1155, 165314026, 'YOVANDA PRISCILLA', 39, 6, 29),
(1156, 165314027, 'YUSTINA LYVIA VIOLITA', 39, 6, 29),
(1157, 165314028, 'WILLIAMS NICOSEN', 39, 6, 29),
(1158, 165314029, 'HADIYAN FAIKAR', 39, 6, 29),
(1159, 165314031, 'ADITYA GALIH DIKA SIWI', 39, 6, 29),
(1160, 165314032, 'LAURENSIUS JENAR ARTYANDA', 39, 6, 29),
(1161, 165314033, 'JOSPHINE WAHYU SURYAKUMALA', 39, 6, 29),
(1162, 165314034, 'BERNADICTUS HERKULANTO HADISAPUTRA', 39, 6, 29),
(1163, 165314035, 'VICKY DARMAWAN', 39, 6, 29),
(1164, 165314036, 'MARIO ADITYA PRIMANDARU', 39, 6, 29),
(1165, 165314037, 'VERONICA MEIDITA SETYANI', 39, 6, 29),
(1166, 165314038, 'DANIEL JERIANSYAH', 39, 6, 29),
(1167, 165314039, 'ANDREAS BENY KURNIAWAN', 39, 6, 29),
(1168, 165314041, 'YOS RIO PURAGA', 39, 6, 29),
(1169, 165314047, 'YANUARIUS BASILIUS', 39, 6, 29),
(1170, 165314080, 'YOHANES KAPISTRANO NANA', 39, 6, 29),
(1171, 165314087, 'ALBERT MATHIUN', 39, 6, 29),
(1172, 125314129, 'FEBRY RHENALDY', 39, 20, 30),
(1173, 165314042, 'FERDINAND ANDRE PASARIBU', 39, 20, 30),
(1174, 165314043, 'RICKY FERDIAN', 39, 20, 30),
(1175, 165314044, 'KRISTOPHORUS ABEL PRIAMBODO LUMBAN TOBING', 39, 20, 30),
(1176, 165314045, 'JOHAN SATRIA KESUMA', 39, 20, 30),
(1177, 165314046, 'FERDINANDUS LEMBAMBANG SULA', 39, 20, 30),
(1178, 165314048, 'HIERONYMUS PRASTAWA AGUNG', 39, 20, 30),
(1179, 165314049, 'ANINDYAJATI', 39, 20, 30),
(1180, 165314050, 'KRISTIANUS YULI KURNIAWAN', 39, 20, 30),
(1181, 165314051, 'CHRISTIANTO EGA PRASETYO', 39, 20, 30),
(1182, 165314053, 'FINSA ABRAHAM ALBIYANDA', 39, 20, 30),
(1183, 165314054, 'EZRA PETRA NAMSA', 39, 20, 30),
(1184, 165314055, 'ANATASHA OCTARIAMA RESPATI DEWI SIMBOLON', 39, 20, 30),
(1185, 165314056, 'DELVIANA SIAHAAN', 39, 20, 30),
(1186, 165314058, 'HANDOKO PRASETYO', 39, 20, 30),
(1187, 165314060, 'STEFANUS KEVIN WICAKSONO', 39, 20, 30),
(1188, 165314061, 'NICODEMUS SEPTINOS PATI', 39, 20, 30),
(1189, 165314062, 'KLAUDIA KISNODI', 39, 20, 30),
(1190, 165314063, 'YOSEPH GUSTI RANDA', 39, 20, 30),
(1191, 165314065, 'I KETUT MULIANA', 39, 20, 30),
(1192, 165314066, 'VALENTINUS ANGGA ANKRISNAR', 39, 20, 30),
(1193, 165314067, 'YOHANES MARIA VIANEY RUMA', 39, 20, 30),
(1194, 165314068, 'MAKSIMILIANUS WILLIAM KAUS PUTRA', 39, 20, 30),
(1195, 165314069, 'DESI RATNASARI', 39, 20, 30),
(1196, 165314070, 'WAYAN SUGIARSA', 39, 20, 30),
(1197, 165314071, 'FRANSISCUS DWIAN ANUGERAH PRAMANA', 39, 20, 30),
(1198, 165314073, 'ARTHA DIAN SINAGA', 39, 20, 30),
(1199, 165314074, 'BERNARDUS GANDHANG PANJI WARDHANI', 39, 20, 30),
(1200, 165314076, 'GALUH PINGKAN RAHMADANTI', 39, 20, 30),
(1201, 165314077, 'YOLANDA EVELINE ARDININGTYAS', 39, 20, 30),
(1202, 165314078, 'DANIEL BRAM CHANDRA SAPUTRA', 39, 20, 30),
(1203, 165314079, 'TOBBY ARIYANTO MANDOI', 39, 20, 30),
(1204, 165314081, 'NORBERTUS KHRISNA PRATAMA', 39, 20, 30),
(1205, 165314082, 'KI TAE KWON', 39, 20, 30),
(1206, 165314083, 'HUSOR DAVID T PANDIANGAN', 39, 20, 30),
(1207, 155314026, 'CHRISTIAN CAROLUS BAGAS PRADANA', 39, 23, 31),
(1208, 155314061, 'GALIH SUPRAYOGO', 39, 23, 31),
(1209, 155314121, 'REDY RENNO IRIANTO', 39, 23, 31),
(1210, 165314040, 'MUNA ALEKTA TARIGAN', 39, 23, 31),
(1211, 165314057, 'BERNARD HATOGUAN SIREGAR', 39, 23, 31),
(1212, 165314084, 'ROMANUS HADYANTO ONGAN', 39, 23, 31),
(1213, 165314085, 'CLARA SANTA ANGKAMOR', 39, 23, 31),
(1214, 165314086, 'CAROLINE ASTERIA CAEZAR ARYANI', 39, 23, 31),
(1215, 165314088, 'CHRISTIAN IISVHARAPRANIDANA PARAMITHA', 39, 23, 31),
(1216, 165314089, 'DAVID THANLIAN KURNIAWAN', 39, 23, 31),
(1217, 165314090, 'ANASTASIA NOVIA WINDRAWATI', 39, 23, 31),
(1218, 165314091, 'DAVID ALMACESAR HABEKA', 39, 23, 31),
(1219, 165314093, 'BAGAS DHITYA TAUFIQQI', 39, 23, 31),
(1220, 165314097, 'GANDHI NUGROHO', 39, 23, 31),
(1221, 165314098, 'PAULINA MANGANDE', 39, 23, 31),
(1222, 165314099, 'DIMA THOMAS REFANO', 39, 23, 31),
(1223, 165314100, 'GEORGIUS I PUTU VANDI SETYAWAN', 39, 23, 31),
(1224, 165314101, 'ALFRIYANDI DWI PRADIPTA SINAGA', 39, 23, 31),
(1225, 165314102, 'RACHEL ELISA UTAMA', 39, 23, 31),
(1226, 165314103, 'PUTU INTAN HASRI PUTRI', 39, 23, 31),
(1227, 165314104, 'MAGNUS ABIYU', 39, 23, 31),
(1228, 165314105, 'EKA PUTRA KURNIASANDY BENE DIKTUS', 39, 23, 31),
(1229, 165314106, 'AFRA RIAN YUDIANTO', 39, 23, 31),
(1230, 165314107, 'ALVA GRACEORA NUGROHO', 39, 23, 31),
(1231, 165314108, 'ROBERTUS BINTORO', 39, 23, 31),
(1232, 165314110, 'MARETHA ELISTYANA', 39, 23, 31),
(1233, 165314111, 'ANDREAS YAN PRATAMA ADI PANGESTU', 39, 23, 31),
(1234, 165314112, 'NINDA MAWARNI', 39, 23, 31),
(1235, 165314113, 'INDAH PERMATA SARI', 39, 23, 31),
(1236, 165314114, 'LUDHGERUS HERVIN ETBY SAPUTRA', 39, 23, 31),
(1237, 165314115, 'DAVID PARSAORAN TAMPUBOLON', 39, 23, 31),
(1238, 165314116, 'HANANTO WIDIGDO', 39, 23, 31),
(1239, 165314118, 'EGIDIA YUNI SAVITRI', 39, 23, 31),
(1240, 165314121, 'VALENTINA YOHANA SENDUK', 39, 23, 31),
(1241, 165314124, 'DODI FERNANDO TAMBUNAN', 39, 23, 31),
(1242, 165314004, 'GEDE RIZKY BELA DHARMA RUDYARTA', 37, 25, 27),
(1243, 165314012, 'BANYU WANA AJI', 37, 25, 27),
(1244, 165314013, 'AGNES WIDIANINGSIH WULANDARI', 37, 25, 27),
(1245, 165314038, 'DANIEL JERIANSYAH', 37, 25, 27),
(1246, 165314040, 'MUNA ALEKTA TARIGAN', 37, 25, 27),
(1247, 165314044, 'KRISTOPHORUS ABEL PRIAMBODO LUMBAN TOBING', 37, 25, 27),
(1248, 165314048, 'HIERONYMUS PRASTAWA AGUNG', 37, 25, 27),
(1249, 165314049, 'ANINDYAJATI', 37, 25, 27),
(1250, 165314055, 'ANATASHA OCTARIAMA RESPATI DEWI SIMBOLON', 37, 25, 27),
(1251, 165314057, 'BERNARD HATOGUAN SIREGAR', 37, 25, 27),
(1252, 165314064, 'BENYDICTUS SEPTIAN PERDANA KURNIA WIJAYA', 37, 25, 27),
(1253, 165314066, 'VALENTINUS ANGGA ANKRISNAR', 37, 25, 27),
(1254, 165314074, 'BERNARDUS GANDHANG PANJI WARDHANI', 37, 25, 27),
(1255, 165314088, 'CHRISTIAN IISVHARAPRANIDANA PARAMITHA', 37, 25, 27),
(1256, 165314089, 'DAVID THANLIAN KURNIAWAN', 37, 25, 27),
(1257, 165314091, 'DAVID ALMACESAR HABEKA', 37, 25, 27),
(1258, 165314096, 'CLAUDEO DANAR LUKMANTO', 37, 25, 27),
(1259, 165314108, 'ROBERTUS BINTORO', 37, 25, 27),
(1260, 165314114, 'LUDHGERUS HERVIN ETBY SAPUTRA', 37, 25, 27),
(1261, 165314012, 'BANYU WANA AJI', 20, 17, 32),
(1262, 165314091, 'DAVID ALMACESAR HABEKA', 20, 17, 32),
(1263, 165314096, 'CLAUDEO DANAR LUKMANTO', 20, 17, 32),
(1264, 165314105, 'EKA PUTRA KURNIASANDY BENE DIKTUS', 20, 17, 32),
(1265, 165314114, 'LUDHGERUS HERVIN ETBY SAPUTRA', 20, 17, 32),
(1266, 175314001, 'STEVAN TIOVANDI', 20, 17, 32),
(1267, 175314002, 'EDRICK HERNANDO', 20, 17, 32),
(1268, 175314003, 'MARKUS PATRIK SEKAITELES', 20, 17, 32),
(1269, 175314011, 'DESHA VIRIYA KSANTI PURNOMO', 20, 17, 32),
(1270, 175314013, 'ALBERTUS IVAN ADHYATMA MAHESWARA', 20, 17, 32),
(1271, 175314017, 'PANJI LIBERTY PRATAMA HUAN', 20, 17, 32),
(1272, 175314021, 'FLORIANUS SURYA KEVIN', 20, 17, 32),
(1273, 175314022, 'FX DONI WAHYU SB', 20, 17, 32),
(1274, 175314040, 'MARIA SIMPLISIA WEA LAJA', 20, 17, 32),
(1275, 175314042, 'DANIEL FREDERIK', 20, 17, 32),
(1276, 175314043, 'MIKHAEL SURYA PUSPITA JAYA', 20, 17, 32),
(1277, 175314045, 'JOSEPH RIANDY PRATAMA HUTAGALUNG', 20, 17, 32),
(1278, 175314048, 'RENELDIS PUTRI TANGGU', 20, 17, 32),
(1279, 175314051, 'SENDHY JAYA RAHARJA', 20, 17, 32),
(1280, 175314052, 'AGUNG KRISTANTO', 20, 17, 32),
(1281, 175314060, 'ATANASIUS IVANNOEL RIO AJI', 20, 17, 32),
(1282, 175314076, 'FRISKO ADRIAN', 20, 17, 32),
(1283, 175314080, 'HIERONIMUS FREDY MORGAN', 20, 17, 32),
(1284, 175314083, 'IDA BAGUS YUDISTIRA PRAMA PUTRA', 20, 17, 32),
(1285, 175314084, 'GABRIEL RYAN PRIMA ADETIKA', 20, 17, 32),
(1286, 175314107, 'OKTA VADINDA PUTRI', 20, 17, 32),
(1287, 175314108, 'KRESENSIANA PRISKALIA', 20, 17, 32),
(1288, 175314110, 'CLAUDHEA ZITA LEGINA', 20, 17, 32),
(1289, 175314124, 'FRANSISKA APRI WULANDARI', 20, 17, 32),
(1290, 175314127, 'ALEXANDER ADAM BAGASKARA', 20, 17, 32),
(1291, 165314125, 'RESKI ERIK ALFONS BOGA', 20, 18, 33),
(1292, 175314004, 'CHRISTOPHER MATTHEW HERMAWAN', 20, 18, 33),
(1293, 175314006, 'AYUNA ARMONICA', 20, 18, 33),
(1294, 175314007, 'IGNATIUS RIKO RINALDI', 20, 18, 33),
(1295, 175314012, 'PHILIPUS CHEVIN JOANITO MAGAT', 20, 18, 33),
(1296, 175314016, 'RENDY EKO PRAYOGO', 20, 18, 33),
(1297, 175314018, 'WIRYAWAN SETYA NUGROHO', 20, 18, 33),
(1298, 175314019, 'REYN KEVIN KILA', 20, 18, 33),
(1299, 175314025, 'TANGGUH PURWOAGIL', 20, 18, 33),
(1300, 175314026, 'IKHSANUDIN NUGRAHA', 20, 18, 33),
(1301, 175314027, 'MICHAEL ALVIAN DANISH PRASOJO', 20, 18, 33),
(1302, 175314029, 'EZEKIEL JUAN FILIPPO CAPPI ARSYADI', 20, 18, 33),
(1303, 175314030, 'FLAVIANA ABRIANI HALIM', 20, 18, 33),
(1304, 175314031, 'WIRA DINATA', 20, 18, 33),
(1305, 175314032, 'GALIH PRASETYA JATI', 20, 18, 33),
(1306, 175314041, 'ADVENTUS DIO', 20, 18, 33),
(1307, 175314044, 'YUSUP HARIS PURNOMO', 20, 18, 33),
(1308, 175314049, 'RIVALDI ATMA DHINATA SEMBIRING', 20, 18, 33),
(1309, 175314055, 'CLARA ANGGITA AYU SETYANINGRUM', 20, 18, 33),
(1310, 175314056, 'OKKY YODI DWI PURWANTO', 20, 18, 33),
(1311, 175314059, 'FRANSISCO DIAZ ATMARESTANTO', 20, 18, 33),
(1312, 175314062, 'AROOM PUTRI ISWARI', 20, 18, 33),
(1313, 175314063, 'RIO PRADANA', 20, 18, 33),
(1314, 175314065, 'SIGIT PAMUNGKAS', 20, 18, 33),
(1315, 175314067, 'YOHANES KEVIN WIJAYA', 20, 18, 33),
(1316, 175314068, 'YOSEF GANJAR WICAKSONO', 20, 18, 33),
(1317, 175314070, 'YOGA JUSTISIO HARLEAWAN', 20, 18, 33),
(1318, 175314071, 'EFRIYANI W. TARIGAN', 20, 18, 33),
(1319, 175314075, 'RAFAEL PASOPATI KRISNADWIPAYANA', 20, 18, 33),
(1320, 175314078, 'GUIDO DIKA FIRGUSTON', 20, 18, 33),
(1321, 175314081, 'IGNATIUS BENNY CHRISTIAN', 20, 18, 33),
(1322, 175314085, 'ALOYSIUS ADYTYA ENDRYANA PUTRA', 20, 17, 15),
(1323, 175314086, 'ROBERTUS YULIANTO', 20, 17, 15),
(1324, 175314087, 'ABRAM', 20, 17, 15),
(1325, 175314089, 'ELLEINA RETRI WAHYU PUSPITASARI', 20, 17, 15),
(1326, 175314090, 'MARTIN PARAMARTA', 20, 17, 15),
(1327, 175314091, 'ALDY PAMUNGKAS', 20, 17, 15),
(1328, 175314092, 'MAHENDRA AULIA RAHMAN', 20, 17, 15),
(1329, 175314093, 'DAMARIO ADITAMA NAVYLIO', 20, 17, 15),
(1330, 175314095, 'FRANSISKA ANNALISA CHRISTIANA HOLLY', 20, 17, 15),
(1331, 175314096, 'AGUSTINUS HANDAYA AJITAMA', 20, 17, 15),
(1332, 175314099, 'YOSSA ANDIKA LAKSANA', 20, 17, 15),
(1333, 175314100, 'THOMAS CHRISTIAN WICAKSONO', 20, 17, 15),
(1334, 175314101, 'ERWINSYAH RICO AGUSTA', 20, 17, 15),
(1335, 175314102, 'AMELIA PARAMITA INDAH PAKARTI', 20, 17, 15),
(1336, 175314103, 'SYELEN KRISNANDA', 20, 17, 15),
(1337, 175314104, 'YEHEZKIEL PURNOMO AJI', 20, 17, 15),
(1338, 175314105, 'KAREL ARISTO', 20, 17, 15),
(1339, 175314106, 'SANDRA YOSEBA SIBI', 20, 17, 15),
(1340, 175314109, 'GAGAS SAMPURRANA DAYA HEDOH', 20, 17, 15),
(1341, 175314111, 'GREGORIUS BRYAN OSALDI', 20, 17, 15),
(1342, 175314112, 'FANI TRI HARSONO', 20, 17, 15),
(1343, 175314115, 'PERDAMAIAN HIA', 20, 17, 15),
(1344, 175314116, 'ROSA TIRANDA', 20, 17, 15),
(1345, 175314117, 'KATRINA NI LUH ARIYANTINI', 20, 17, 15),
(1346, 175314119, 'JESSYCA NOFANTY HAHURY', 20, 17, 15),
(1347, 175314121, 'RAMA EKA PUTRANTO', 20, 17, 15),
(1348, 175314122, 'AMELIA PUTRI CENDRAKASIH', 20, 17, 15),
(1349, 175314123, 'KATARINA HARYANINGTYAS', 20, 17, 15),
(1350, 175314126, 'THOMAS DANI KURNIAWAN', 20, 17, 15),
(1351, 155314107, 'CLEMENT ABRAHAM SIDOMULYO', 22, 21, 34),
(1352, 175314006, 'AYUNA ARMONICA', 22, 21, 34),
(1353, 175314007, 'IGNATIUS RIKO RINALDI', 22, 21, 34),
(1354, 175314012, 'PHILIPUS CHEVIN JOANITO MAGAT', 22, 21, 34),
(1355, 175314016, 'RENDY EKO PRAYOGO', 22, 21, 34),
(1356, 175314018, 'WIRYAWAN SETYA NUGROHO', 22, 21, 34),
(1357, 175314019, 'REYN KEVIN KILA', 22, 21, 34),
(1358, 175314025, 'TANGGUH PURWOAGIL', 22, 21, 34),
(1359, 175314026, 'IKHSANUDIN NUGRAHA', 22, 21, 34),
(1360, 175314027, 'MICHAEL ALVIAN DANISH PRASOJO', 22, 21, 34),
(1361, 175314029, 'EZEKIEL JUAN FILIPPO CAPPI ARSYADI', 22, 21, 34),
(1362, 175314030, 'FLAVIANA ABRIANI HALIM', 22, 21, 34),
(1363, 175314031, 'WIRA DINATA', 22, 21, 34),
(1364, 175314032, 'GALIH PRASETYA JATI', 22, 21, 34),
(1365, 175314041, 'ADVENTUS DIO', 22, 21, 34),
(1366, 175314044, 'YUSUP HARIS PURNOMO', 22, 21, 34),
(1367, 175314049, 'RIVALDI ATMA DHINATA SEMBIRING', 22, 21, 34),
(1368, 175314055, 'CLARA ANGGITA AYU SETYANINGRUM', 22, 21, 34),
(1369, 175314056, 'OKKY YODI DWI PURWANTO', 22, 21, 34),
(1370, 175314059, 'FRANSISCO DIAZ ATMARESTANTO', 22, 21, 34),
(1371, 175314062, 'AROOM PUTRI ISWARI', 22, 21, 34),
(1372, 175314063, 'RIO PRADANA', 22, 21, 34),
(1373, 175314065, 'SIGIT PAMUNGKAS', 22, 21, 34),
(1374, 175314067, 'YOHANES KEVIN WIJAYA', 22, 21, 34),
(1375, 175314068, 'YOSEF GANJAR WICAKSONO', 22, 21, 34),
(1376, 175314070, 'YOGA JUSTISIO HARLEAWAN', 22, 21, 34),
(1377, 175314071, 'EFRIYANI W. TARIGAN', 22, 21, 34),
(1378, 175314075, 'RAFAEL PASOPATI KRISNADWIPAYANA', 22, 21, 34),
(1379, 175314078, 'GUIDO DIKA FIRGUSTON', 22, 21, 34),
(1380, 175314081, 'IGNATIUS BENNY CHRISTIAN', 22, 21, 34),
(1381, 175314085, 'ALOYSIUS ADYTYA ENDRYANA PUTRA', 22, 21, 35),
(1382, 175314086, 'ROBERTUS YULIANTO', 22, 21, 35),
(1383, 175314087, 'ABRAM', 22, 21, 35),
(1384, 175314089, 'ELLEINA RETRI WAHYU PUSPITASARI', 22, 21, 35),
(1385, 175314090, 'MARTIN PARAMARTA', 22, 21, 35),
(1386, 175314091, 'ALDY PAMUNGKAS', 22, 21, 35),
(1387, 175314092, 'MAHENDRA AULIA RAHMAN', 22, 21, 35),
(1388, 175314093, 'DAMARIO ADITAMA NAVYLIO', 22, 21, 35),
(1389, 175314095, 'FRANSISKA ANNALISA CHRISTIANA HOLLY', 22, 21, 35),
(1390, 175314096, 'AGUSTINUS HANDAYA AJITAMA', 22, 21, 35),
(1391, 175314099, 'YOSSA ANDIKA LAKSANA', 22, 21, 35),
(1392, 175314100, 'THOMAS CHRISTIAN WICAKSONO', 22, 21, 35),
(1393, 175314101, 'ERWINSYAH RICO AGUSTA', 22, 21, 35),
(1394, 175314102, 'AMELIA PARAMITA INDAH PAKARTI', 22, 21, 35),
(1395, 175314103, 'SYELEN KRISNANDA', 22, 21, 35),
(1396, 175314104, 'YEHEZKIEL PURNOMO AJI', 22, 21, 35),
(1397, 175314105, 'KAREL ARISTO', 22, 21, 35),
(1398, 175314106, 'SANDRA YOSEBA SIBI', 22, 21, 35),
(1399, 175314109, 'GAGAS SAMPURRANA DAYA HEDOH', 22, 21, 35),
(1400, 175314111, 'GREGORIUS BRYAN OSALDI', 22, 21, 35),
(1401, 175314112, 'FANI TRI HARSONO', 22, 21, 35),
(1402, 175314115, 'PERDAMAIAN HIA', 22, 21, 35),
(1403, 175314116, 'ROSA TIRANDA', 22, 21, 35),
(1404, 175314117, 'KATRINA NI LUH ARIYANTINI', 22, 21, 35),
(1405, 175314119, 'JESSYCA NOFANTY HAHURY', 22, 21, 35),
(1406, 175314121, 'RAMA EKA PUTRANTO', 22, 21, 35),
(1407, 175314122, 'AMELIA PUTRI CENDRAKASIH', 22, 21, 35),
(1408, 175314123, 'KATARINA HARYANINGTYAS', 22, 21, 35),
(1409, 175314126, 'THOMAS DANI KURNIAWAN', 22, 21, 35),
(1410, 155314052, 'ANDREA SETYA DEWA', 22, 25, 36),
(1411, 155314073, 'BASTIAN CHANDRA KUSUMA', 22, 25, 36),
(1412, 155314120, 'KARAN AGUS PUTERA', 22, 25, 36),
(1413, 175314001, 'STEVAN TIOVANDI', 22, 25, 36),
(1414, 175314002, 'EDRICK HERNANDO', 22, 25, 36),
(1415, 175314003, 'MARKUS PATRIK SEKAITELES', 22, 25, 36),
(1416, 175314004, 'CHRISTOPHER MATTHEW HERMAWAN', 22, 25, 36),
(1417, 175314011, 'DESHA VIRIYA KSANTI PURNOMO', 22, 25, 36),
(1418, 175314013, 'ALBERTUS IVAN ADHYATMA MAHESWARA', 22, 25, 36),
(1419, 175314017, 'PANJI LIBERTY PRATAMA HUAN', 22, 25, 36),
(1420, 175314021, 'FLORIANUS SURYA KEVIN', 22, 25, 36),
(1421, 175314022, 'FX DONI WAHYU SB', 22, 25, 36),
(1422, 175314040, 'MARIA SIMPLISIA WEA LAJA', 22, 25, 36),
(1423, 175314042, 'DANIEL FREDERIK', 22, 25, 36),
(1424, 175314043, 'MIKHAEL SURYA PUSPITA JAYA', 22, 25, 36),
(1425, 175314045, 'JOSEPH RIANDY PRATAMA HUTAGALUNG', 22, 25, 36),
(1426, 175314048, 'RENELDIS PUTRI TANGGU', 22, 25, 36),
(1427, 175314051, 'SENDHY JAYA RAHARJA', 22, 25, 36),
(1428, 175314052, 'AGUNG KRISTANTO', 22, 25, 36),
(1429, 175314060, 'ATANASIUS IVANNOEL RIO AJI', 22, 25, 36),
(1430, 175314076, 'FRISKO ADRIAN', 22, 25, 36),
(1431, 175314080, 'HIERONIMUS FREDY MORGAN', 22, 25, 36),
(1432, 175314083, 'IDA BAGUS YUDISTIRA PRAMA PUTRA', 22, 25, 36),
(1433, 175314084, 'GABRIEL RYAN PRIMA ADETIKA', 22, 25, 36),
(1434, 175314107, 'OKTA VADINDA PUTRI', 22, 25, 36),
(1435, 175314108, 'KRESENSIANA PRISKALIA', 22, 25, 36),
(1436, 175314110, 'CLAUDHEA ZITA LEGINA', 22, 25, 36),
(1437, 175314124, 'FRANSISKA APRI WULANDARI', 22, 25, 36),
(1438, 175314127, 'ALEXANDER ADAM BAGASKARA', 22, 25, 36),
(1439, 175314008, 'NIKOLAUS HOSEA', 22, 19, 37),
(1440, 175314015, 'I GEDE DIPAYANA', 22, 19, 37),
(1441, 175314020, 'TANDRIANTO KOKO GUNAWAN', 22, 19, 37),
(1442, 175314023, 'FELIX PRIHANTORO', 22, 19, 37),
(1443, 175314024, 'DEVIDA AURELIA YACOB', 22, 19, 37),
(1444, 175314033, 'RIVAN ANANDITYA PRADANA', 22, 19, 37),
(1445, 175314034, 'REENA SIMANIHURUK', 22, 19, 37),
(1446, 175314035, 'WIBOWO CAHYONO', 22, 19, 37),
(1447, 175314036, 'NOVI FITRI', 22, 19, 37),
(1448, 175314038, 'JOSE PEDRO FEBIAN', 22, 19, 37),
(1449, 175314039, 'ANDRI PRASETYO WIBOWO', 22, 19, 37),
(1450, 175314046, 'M.IKHSAN ABIMANYU', 22, 19, 37),
(1451, 175314047, 'FRANCISCA INTAN BERTIN', 22, 19, 37),
(1452, 175314050, 'ANDREAS ALDYANTO NURA', 22, 19, 37),
(1453, 175314053, 'MARSELINUS BAGAS PRIMADITIA', 22, 19, 37),
(1454, 175314054, 'GEORGIUS FEBRYAN PRADANA', 22, 19, 37),
(1455, 175314057, 'VINCENTIUS HENDRI KURNIAWAN', 22, 19, 37),
(1456, 175314058, 'ZEFANYA DEVENDRA PUTRI NGGANGGUS', 22, 19, 37),
(1457, 175314061, 'BERLIN RAVELINO HUGO PADANG', 22, 19, 37),
(1458, 175314069, 'ERLYN AVIANDRY', 22, 19, 37),
(1459, 175314079, 'MADE ARIVANDEGA WARNAWAN', 22, 19, 37),
(1460, 175314082, 'ALBERTUS SATRIO BAYUAJI', 22, 19, 37),
(1461, 175314097, 'BENEDIKTUS RONY AGUNG KUSUMA', 22, 19, 37),
(1462, 175314120, 'SATRIO DANURDORO', 22, 19, 37),
(1463, 155314034, 'ANTONIO KENNY SETIAWAN', 24, 21, 38),
(1464, 155314063, 'NANDIEL DESEA ANDANA', 24, 21, 38),
(1465, 165314006, 'ANTONIUS YOGI PRIHANTORO', 24, 21, 38),
(1466, 165314007, 'WIDI FIRMANSYAH', 24, 21, 38),
(1467, 165314009, 'EVANNOAH ROLIMARCH PRATAMA', 24, 21, 38),
(1468, 165314017, 'FRANSISCUS XAVERIUS DHIMAS DWI RATNANTO', 24, 21, 38),
(1469, 165314023, 'AURELI ISAIAS', 24, 21, 38),
(1470, 165314031, 'ADITYA GALIH DIKA SIWI', 24, 21, 38),
(1471, 165314033, 'JOSPHINE WAHYU SURYAKUMALA', 24, 21, 38),
(1472, 165314036, 'MARIO ADITYA PRIMANDARU', 24, 21, 38),
(1473, 165314037, 'VERONICA MEIDITA SETYANI', 24, 21, 38),
(1474, 165314039, 'ANDREAS BENY KURNIAWAN', 24, 21, 38),
(1475, 165314041, 'YOS RIO PURAGA', 24, 21, 38),
(1476, 165314042, 'FERDINAND ANDRE PASARIBU', 24, 21, 38),
(1477, 165314043, 'RICKY FERDIAN', 24, 21, 38),
(1478, 165314045, 'JOHAN SATRIA KESUMA', 24, 21, 38),
(1479, 165314046, 'FERDINANDUS LEMBAMBANG SULA', 24, 21, 38),
(1480, 165314047, 'YANUARIUS BASILIUS', 24, 21, 38),
(1481, 165314050, 'KRISTIANUS YULI KURNIAWAN', 24, 21, 38),
(1482, 165314051, 'CHRISTIANTO EGA PRASETYO', 24, 21, 38),
(1483, 165314053, 'FINSA ABRAHAM ALBIYANDA', 24, 21, 38),
(1484, 165314060, 'STEFANUS KEVIN WICAKSONO', 24, 21, 38),
(1485, 165314061, 'NICODEMUS SEPTINOS PATI', 24, 21, 38),
(1486, 165314067, 'YOHANES MARIA VIANEY RUMA', 24, 21, 38),
(1487, 165314068, 'MAKSIMILIANUS WILLIAM KAUS PUTRA', 24, 21, 38),
(1488, 165314070, 'WAYAN SUGIARSA', 24, 21, 38),
(1489, 165314080, 'YOHANES KAPISTRANO NANA', 24, 21, 38),
(1490, 165314100, 'GEORGIUS I PUTU VANDI SETYAWAN', 24, 21, 38),
(1491, 165314110, 'MARETHA ELISTYANA', 24, 21, 38),
(1492, 145314110, 'MULIADI MARPAUNG', 24, 21, 38),
(1493, 165314001, 'YAKOBUS ARIS ARVANTO', 24, 21, 38),
(1494, 165314003, 'NANANG HIMAWAN FAUZI', 24, 21, 38),
(1495, 165314020, 'YOGA DWI PRASETYO', 24, 21, 38),
(1496, 165314021, 'TATAG HARDOYO', 24, 21, 38),
(1497, 165314025, 'ANTONIUS BAYU ANGGORO JATI', 24, 21, 38),
(1498, 165314029, 'HADIYAN FAIKAR', 24, 21, 38),
(1499, 165314062, 'KLAUDIA KISNODI', 24, 21, 38),
(1500, 165314069, 'DESI RATNASARI', 24, 21, 38),
(1501, 165314071, 'FRANSISCUS DWIAN ANUGERAH PRAMANA', 24, 21, 38),
(1502, 165314073, 'ARTHA DIAN SINAGA', 24, 21, 38),
(1503, 165314077, 'YOLANDA EVELINE ARDININGTYAS', 24, 21, 38),
(1504, 165314081, 'NORBERTUS KHRISNA PRATAMA', 24, 21, 38),
(1505, 165314086, 'CAROLINE ASTERIA CAEZAR ARYANI', 24, 21, 38),
(1506, 165314087, 'ALBERT MATHIUN', 24, 21, 38),
(1507, 165314090, 'ANASTASIA NOVIA WINDRAWATI', 24, 21, 38),
(1508, 165314093, 'BAGAS DHITYA TAUFIQQI', 24, 21, 38),
(1509, 165314098, 'PAULINA MANGANDE', 24, 21, 38),
(1510, 165314101, 'ALFRIYANDI DWI PRADIPTA SINAGA', 24, 21, 38),
(1511, 165314102, 'RACHEL ELISA UTAMA', 24, 21, 38),
(1512, 165314103, 'PUTU INTAN HASRI PUTRI', 24, 21, 38),
(1513, 165314105, 'EKA PUTRA KURNIASANDY BENE DIKTUS', 24, 21, 38),
(1514, 165314107, 'ALVA GRACEORA NUGROHO', 24, 21, 38),
(1515, 165314111, 'ANDREAS YAN PRATAMA ADI PANGESTU', 24, 21, 38),
(1516, 165314112, 'NINDA MAWARNI', 24, 21, 38),
(1517, 165314113, 'INDAH PERMATA SARI', 24, 21, 38),
(1518, 165314116, 'HANANTO WIDIGDO', 24, 21, 38),
(1519, 165314118, 'EGIDIA YUNI SAVITRI', 24, 21, 38),
(1520, 165314121, 'VALENTINA YOHANA SENDUK', 24, 21, 38),
(1521, 165314124, 'DODI FERNANDO TAMBUNAN', 24, 21, 38),
(1522, 135314069, 'ARDY PRASETYO', 24, 21, 38),
(1523, 135314071, 'DANIEL CRIST ANDRE SAPUTRA NYAMPAI', 24, 21, 38),
(1524, 145314040, 'ADITYA TRI WARDHANA', 24, 21, 38),
(1525, 155314004, 'YOHANA MUSTIKA RINJANI PUTRI', 24, 21, 38),
(1526, 155314009, 'JAVA SINDHARA', 24, 21, 38),
(1527, 155314023, 'OKTAVIANUS ZENGGI SURYA PUTRANJAYA', 24, 21, 38),
(1528, 155314035, 'MARIA REGINA CELISETYAWATI', 24, 21, 38),
(1529, 155314046, 'FELLIA FEBRIANI', 24, 21, 38),
(1530, 155314049, 'SALVATORE KIDUNG SIMADANU', 24, 21, 38),
(1531, 155314076, 'DAVID PRASETYA ADI', 24, 21, 38),
(1532, 155314085, 'VINCENTIUS BAYU FAJAR KURNIAWAN', 24, 21, 38),
(1533, 155314090, 'REINARDUS AJI HARISTU', 24, 21, 38),
(1534, 155314099, 'SULISTYO ATMOJO', 24, 21, 38),
(1535, 155314104, 'RENALDI', 24, 21, 38),
(1536, 155314108, 'PAULUS BREMA HUTAGALUNG', 24, 21, 38),
(1537, 155314116, 'GRACE MARSELA HILDA PATTINAMA', 24, 21, 38),
(1538, 175314075, 'RAFAEL PASOPATI KRISNADWIPAYANA', 53, 26, 39),
(1539, 185314112, 'BANU NAI NGALIS', 53, 26, 39),
(1540, 185314114, 'AGUSTINA BUDI STEVANI', 53, 26, 39),
(1541, 185314115, 'GERARDUS MAJELLA HANGGER ANOM KASWOROJATI', 53, 26, 39),
(1542, 185314116, 'D. AGUNG DANARIYANTO', 53, 26, 39),
(1543, 185314117, 'DESI DERIUS MILLENIYO ROWANDA', 53, 26, 39),
(1544, 185314118, 'RADIT AGATHA PRAKOSO', 53, 26, 39),
(1545, 185314119, 'OKTA SETYA PUTRA AGUSTIN', 53, 26, 39),
(1546, 185314120, 'NOVIYAN IMAM ARIFIN', 53, 26, 39),
(1547, 185314121, 'FRANCISKUS HENDARDI', 53, 26, 39),
(1548, 185314122, 'LAURENSIUS FERDINAN PUTRA NUGROHO', 53, 26, 39),
(1549, 185314123, 'YULIA ARTHA ROSARI', 53, 26, 39),
(1550, 185314124, 'GREGORIUS YURISTAMA NUGRAHA', 53, 26, 39),
(1551, 185314125, 'DYLINE MELYNEA FERNANDEZ', 53, 26, 39),
(1552, 185314126, 'RAKA PRIMANDA PUTRA', 53, 26, 39),
(1553, 185314127, 'DEAN CHRISTIANANDA ALFA WIBOWO SILITONGA', 53, 26, 39),
(1554, 185314128, 'LAURA FALENCIA OKTAVIA PANGARIBUAN', 53, 26, 39),
(1555, 185314129, 'PRILY ADISAPUTRA RUBAKLANGI\'', 53, 26, 39),
(1556, 185314130, 'GREGORIUS ARYO DWIATMOJO', 53, 26, 39),
(1557, 185314132, 'STEVANI MARIA MEILISSA SAPCA SAGURUNG', 53, 26, 39),
(1558, 185314133, 'NATANAEL LUMEN CHRISTY', 53, 26, 39),
(1559, 185314134, 'YOSAFAT YOAKIM KURNIA', 53, 26, 39),
(1560, 185314135, 'DHARU JIWO PAMBUDI', 53, 26, 39),
(1561, 185314136, 'I GUSTI NGURAH ASTIKA PRADNYANA DALEM', 53, 26, 39),
(1562, 185314138, 'PRIMA ELISA SEGU', 53, 26, 39),
(1563, 185314139, 'RADEN MICHAEL MAHIRSYA UMBA HARDIPUTRA', 53, 26, 39),
(1564, 185314140, 'FEBIOLA FIRSTNANDA DAW', 53, 26, 39),
(1565, 185314141, 'ALLYSA AMEIDYA SEKARANI', 53, 26, 39),
(1566, 185314142, 'DIMAS RESTU PAMUNGKAS', 53, 26, 39),
(1567, 185314143, 'HERMINA DAI WADAN', 53, 26, 39),
(1568, 185314144, 'ELFAN IOBINA VISKI PURBA', 53, 26, 39),
(1569, 125314129, 'FEBRY RENALDY', 53, 21, 40),
(1570, 155314104, 'RENALDI', 53, 21, 40),
(1571, 165314074, 'BERNARDUS GANDHANG PANJI WARDHANI', 53, 21, 40),
(1572, 175314107, 'OKTA VADINDA PUTRI', 53, 21, 40),
(1573, 175314108, 'KRESENSIANA PRISKALIA', 53, 21, 40),
(1574, 185314081, 'ANASTHASYA MILLENIA PULUNGAN', 53, 21, 40),
(1575, 185314083, 'BONIFATIUS CHOSHE MANGGALA PUTRA', 53, 21, 40),
(1576, 185314085, 'EDUARDUS ERIK', 53, 21, 40),
(1577, 185314086, 'DAMIANUS HALILINTAR', 53, 21, 40),
(1578, 185314087, 'ROBERTO DANIEL PASARIBU', 53, 21, 40),
(1579, 185314088, 'STEFANUS HARDIKI KARDOS', 53, 21, 40),
(1580, 185314089, 'DESY RAMADHANI RUMBOU', 53, 21, 40),
(1581, 185314090, 'VITUS DAMA JIVANOV', 53, 21, 40),
(1582, 185314091, 'SHINE CROSSIFIXIO SIANTURI', 53, 21, 40),
(1583, 185314094, 'ALEXANDRA VELMAS DUMATUBUN', 53, 21, 40),
(1584, 185314095, 'ANTONIUS BAGUS HENDI SAPUTRO', 53, 21, 40),
(1585, 185314096, 'TIANSI MIRANDA SITINJAK', 53, 21, 40),
(1586, 185314098, 'FAJAR WASKITO', 53, 21, 40),
(1587, 185314099, 'RIZKY STEVANUS HAMONANGAN BUTAR BUTAR', 53, 21, 40),
(1588, 185314100, 'SANGAJI IHSAN NURKHOLIS', 53, 21, 40),
(1589, 185314101, 'YUDHA ADHI PANGESTU', 53, 21, 40),
(1590, 185314103, 'AGUSTINUS DENISIUS YEUYANAN', 53, 21, 40),
(1591, 185314105, 'TEOFILUS ALFANO DESWANDA', 53, 21, 40),
(1592, 185314108, 'PHILIPUS AGRI ADHIATMA', 53, 21, 40),
(1593, 185314109, 'PRISCILLA ANGELLA INDRIANI.T.DERU', 53, 21, 40),
(1594, 185314110, 'NIDYA MUFLIHASARI', 53, 21, 40),
(1595, 185314111, 'KENNY GILBERT', 53, 21, 40),
(1596, 185314145, 'PASKALIS MELONIUS MOLO', 53, 21, 40),
(1597, 185314146, 'KATHYCIA', 53, 21, 40),
(1598, 185314147, 'CHORNELIA CHRISENTYA DEVI', 53, 21, 40),
(1599, 155314009, 'JAVA SINDHARA', 53, 26, 41),
(1600, 175314070, 'YOGA JUSTISIO HARLEAWAN', 53, 26, 41),
(1601, 185314001, 'ARYO NOVIANTO NUGROHO', 53, 26, 41),
(1602, 185314002, 'MILSYEL HARYANTO', 53, 26, 41),
(1603, 185314003, 'YUSUF FERLIAN ADITYA', 53, 26, 41),
(1604, 185314004, 'CALISTA OMEGA MARELLA', 53, 26, 41),
(1605, 185314005, 'DENNIS BONARDO SIMATUPANG', 53, 26, 41),
(1606, 185314006, 'CAECILIA MITA TENOWANI', 53, 26, 41),
(1607, 185314007, 'GRACIA STEFANI PUTRI', 53, 26, 41),
(1608, 185314008, 'ATANASIUS DEO FIRMANDA', 53, 26, 41),
(1609, 185314009, 'NIKOLAS SATYA SUDIBYONO', 53, 26, 41),
(1610, 185314013, 'B VIRGIAWAN CHANDRA KUSUMA', 53, 26, 41),
(1611, 185314014, 'MATIAS SETO PRAYOGO', 53, 26, 41),
(1612, 185314015, 'DOMINIKUS DWIKA HARYO YUWONO', 53, 26, 41),
(1613, 185314016, 'IGNATIUS OBED TITO ASMODITOMO', 53, 26, 41),
(1614, 185314019, 'MARTINUS TRIWAHYUDI SUYANA', 53, 26, 41),
(1615, 185314021, 'RYAN HERMAWAN', 53, 26, 41),
(1616, 185314022, 'YOGA PUJA ARITAMA', 53, 26, 41),
(1617, 185314024, 'I GUSTI BAGUS ARI SIDI MANTRA ARSANA', 53, 26, 41),
(1618, 185314025, 'ANDIKA BAGUS SANTOSO', 53, 26, 41),
(1619, 185314027, 'BERLIANA RESHITASWARI', 53, 26, 41),
(1620, 185314028, 'MARCELINA ROSA MILLEONITA', 53, 26, 41),
(1621, 185314030, 'ANTONIUS DIGYO HENDARTO', 53, 26, 41),
(1622, 185314034, 'YOHANES WICAKSONO ADI', 53, 26, 41),
(1623, 185314035, 'MARSHELLINUS GALUNG PRATAMA', 53, 26, 41),
(1624, 185314036, 'RICHARDO SAPUTRA YOEWONO', 53, 26, 41),
(1625, 185314037, 'MARIA CHRISTINNE APRIJANY TJUNG', 53, 26, 41),
(1626, 185314039, 'EMILIANA SALDIOSTRI', 53, 26, 41),
(1627, 185314040, 'INGOEL KRISTIANI', 53, 26, 41),
(1628, 185314137, 'MARCHELIENE MIRYASTRI BOLO', 53, 26, 41),
(1629, 185314041, 'BAYU RESTU ADJI', 53, 21, 42),
(1630, 185314042, 'IVAN KURNIAWAN', 53, 21, 42),
(1631, 185314045, 'RAJENDRA LUBDHAKA MURTI', 53, 21, 42),
(1632, 185314046, 'JODHI ADI MAHENDRA', 53, 21, 42),
(1633, 185314047, 'ANDREAS EVAN SANTOSO', 53, 21, 42),
(1634, 185314048, 'STEPHANUS FELIX SURYANTO', 53, 21, 42),
(1635, 185314049, 'MARINA SUPPU LANGI', 53, 21, 42),
(1636, 185314051, 'BAGUS TRI GULARSO', 53, 21, 42),
(1637, 185314052, 'FERNANDO LISTANTOKO', 53, 21, 42),
(1638, 185314053, 'IGNASIUS TAGAST KRISNAPUTRA', 53, 21, 42),
(1639, 185314054, 'DRAJAT WIDYA KURNIAWAN', 53, 21, 42),
(1640, 185314055, 'HIERONIMUS ANGGIT TABA', 53, 21, 42),
(1641, 185314056, 'YESAYA RAHUTAMA SATRIA JATI', 53, 21, 42),
(1642, 185314058, 'YOHANES DANI PRATAMA RAHADIANTO', 53, 21, 42),
(1643, 185314060, 'WAHYU GALANG ARLIANSYAH', 53, 21, 42),
(1644, 185314061, 'DIAN PUTRA ANUGRAH S.B', 53, 21, 42),
(1645, 185314062, 'LIDWINA RATIH TRI WULANDARI', 53, 21, 42),
(1646, 185314063, 'EVARISTA IRIANTI', 53, 21, 42),
(1647, 185314064, 'CINDY YUDHITA MASSUDI', 53, 21, 42),
(1648, 185314065, 'YOSEPH ARGA BAGASKARA', 53, 21, 42),
(1649, 185314067, 'FELISITAS GEA NANDA ELVIONA', 53, 21, 42),
(1650, 185314068, 'DANIEL DEWANTO', 53, 21, 42),
(1651, 185314069, 'YOLENDES HERMADI DANDI', 53, 21, 42),
(1652, 185314070, 'PETRUS GALANG ANDRIANTO', 53, 21, 42),
(1653, 185314071, 'RESKY NOVALIANDY', 53, 21, 42),
(1654, 185314074, 'MONICA YESONIA', 53, 21, 42),
(1655, 185314076, 'CORNELIA NAYKIM', 53, 21, 42),
(1656, 185314077, 'DEWI', 53, 21, 42),
(1657, 185314078, 'PUTU DIKI CHANDRA', 53, 21, 42),
(1658, 185314079, 'GERARDUS ARLY SETIAWAN', 53, 21, 42),
(1659, 185314080, 'CINTYA CLAUDYA', 53, 21, 42),
(1660, 165314025, 'ANTONIUS BAYU ANGGORO JATI', 1, 27, 1),
(1661, 165314027, 'YUSTINA LYVIA VIOLITA', 1, 27, 1),
(1662, 165314049, 'ANINDYAJATI', 1, 27, 1),
(1663, 165314057, 'BERNARD HATOGUAN SIREGAR', 1, 27, 1),
(1664, 185314031, 'R. BINTANG YUBELLA HEMAS MURTONO', 1, 27, 1),
(1665, 185314032, 'SISILIA TRI AGUSTINA', 1, 27, 1),
(1666, 195314041, 'KEVIN CASTIGLIANO AIPASSA', 1, 27, 1),
(1667, 195314042, 'DIONISIUS ANDREAN SIHOMBING', 1, 27, 1),
(1668, 195314043, 'EVAN CHRISANDYA NUGROHO', 1, 27, 1),
(1669, 195314044, 'REVIANDY NOVAN TIKUPADANG', 1, 27, 1),
(1670, 195314045, 'VISTA TANDIRERUNG', 1, 27, 1),
(1671, 195314046, 'RINARDI BAGE LEMAU', 1, 27, 1),
(1672, 195314047, 'SURYA VALENTHYNO MALLISA', 1, 27, 1),
(1673, 195314048, 'STANISLAUS SURYO ANGGORO NUSWANTORO', 1, 27, 1),
(1674, 195314049, 'KEVIN ALBERT NATH', 1, 27, 1),
(1675, 195314050, 'SERAF NOFRIAN LAMBEY', 1, 27, 1),
(1676, 195314051, 'FRANKLIN HIZKIA ROOROH', 1, 27, 1),
(1677, 195314052, 'NATANAEL AUSTIN AUGUST NUGROHO', 1, 27, 1),
(1678, 195314053, 'DAVID WIJAYA', 1, 27, 1),
(1679, 195314054, 'PASCALIS PRADANI SINDHUNATA', 1, 27, 1),
(1680, 195314055, 'DOMISIUS ADVEN PEMANDI', 1, 27, 1),
(1681, 195314056, 'STEFANUS DAMAR PUTRA FAJAR BAGAS PRASETYA', 1, 27, 1),
(1682, 195314057, 'MARIA YUBELA CHELSEA', 1, 27, 1),
(1683, 195314058, 'BERNADETHA MEGA DEVINA AYUNINGTYAS', 1, 27, 1),
(1684, 195314059, 'ANGELA ASSETA PROFITASARI', 1, 27, 1),
(1685, 195314060, 'MARIA GORETTI ONI SARAS WIDYAS', 1, 27, 1),
(1686, 195314061, 'CRISTIANSEN GENARO', 1, 27, 1),
(1687, 195314062, 'KRISNA GEOPAMA', 1, 27, 1),
(1688, 195314063, 'DWI OKTA PRINASTI', 1, 27, 1),
(1689, 195314064, 'KEVIN SILVANUS HUTABARAT', 1, 27, 1),
(1690, 195314065, 'PASKALIA STEFANIA GELU SOGEN', 1, 27, 1),
(1691, 195314066, 'CHRISTOPHANY REPTI SEKARSARI', 1, 27, 1),
(1692, 195314067, 'SHANDRO MARCELINO', 1, 27, 1),
(1693, 195314068, 'YOHANES HADI PRADITYA', 1, 27, 1),
(1694, 195314069, 'GENIE YOEL SIAGIAN', 1, 27, 1),
(1695, 195314070, 'ERNESTUS EPI SERAN', 1, 27, 1),
(1696, 195314071, 'REZA ADI SAMPURNA', 1, 27, 1),
(1697, 195314072, 'EUNIKE QUEEN KRISTANTI PRANANINGTYAS', 1, 27, 1),
(1698, 195314073, 'YOSEPH LANDUNG RESI SANGADA', 1, 27, 1),
(1699, 195314074, 'DIAN ANGELINA TEACHER', 1, 27, 1),
(1700, 195314075, 'MARGARETA ROSMEINI NANGUR', 1, 27, 1),
(1701, 195314076, 'PUTRA TIMBUL SASONGKO', 1, 27, 1),
(1702, 195314077, 'SESARIA WINANDA TITIS RANI', 1, 27, 1),
(1703, 195314078, 'MARCELLINUS R. K', 1, 27, 1),
(1704, 195314079, 'JUAN VETRIC CHRISTIAN ARITONANG', 1, 27, 1),
(1705, 195314080, 'ELKANA KRISTUADJI', 1, 27, 1),
(1706, 185314075, 'RAMOT YUSTIAN HALIM PASARIBU', 58, 2, 43),
(1707, 195314001, 'PAULUS EDWIN FERDIAN TRIPUTRA ISWARA', 58, 2, 43),
(1708, 195314002, 'LOUIS JOSEPHUM PINASTIKA', 58, 2, 43),
(1709, 195314003, 'ARIEF PARULIAN NADAPDAP', 58, 2, 43),
(1710, 195314004, 'PASCALINUS FERNANDO WIDYATAMA', 58, 2, 43),
(1711, 195314005, 'YOSEPHINE YESTIA DIANA', 58, 2, 43),
(1712, 195314006, 'GUIDO MARIO ENNO EPRILIANO', 58, 2, 43),
(1713, 195314007, 'I MADE PARAMARTHA SATHYA', 58, 2, 43),
(1714, 195314008, 'GENESIS AKAR', 58, 2, 43),
(1715, 195314009, 'MARGARETA NAVI PRIMADANI', 58, 2, 43),
(1716, 195314010, 'FRISTA DEA', 58, 2, 43),
(1717, 195314011, 'RICHIE SURYA WIJAYA', 58, 2, 43),
(1718, 195314013, 'EDWARD WIJAYA', 58, 2, 43),
(1719, 195314014, 'STEFANUS REFI WARDANA', 58, 2, 43),
(1720, 195314015, 'MARIA INA MARAN', 58, 2, 43),
(1721, 195314016, 'HIERONYMUS EMILIANUS KURNIAWAN KARTIKA KUNCORO JATI', 58, 2, 43),
(1722, 195314017, 'ROSALINA WINDA PRATIWI', 58, 2, 43),
(1723, 195314018, 'TIMOTIUS MARISJOY PANDAPOTAN MARPAUNG', 58, 2, 43),
(1724, 195314019, 'YULIUS ARIAN TRI RAHMAPUTRA', 58, 2, 43),
(1725, 195314020, 'DIONISIUS GIGIH SANGKESWARA', 58, 2, 43),
(1726, 195314021, 'VICKY DINI PRAKASIWI', 58, 2, 43),
(1727, 195314022, 'ARIYADI VINO', 58, 2, 43),
(1728, 195314023, 'FABIAN ANDRE FAJAR HERMANTO', 58, 2, 43),
(1729, 195314024, 'MARIS RIEMANA', 58, 2, 43),
(1730, 195314025, 'KENNY ARIADI', 58, 2, 43),
(1731, 195314026, 'PATRISSIO AGUNG WISANGGENI. S', 58, 2, 43),
(1732, 195314027, 'DEUSDEDIT PIERE PRATAMA BETANG', 58, 2, 43),
(1733, 195314028, 'DARIA WOJTYLA PERADA ATULOLON', 58, 2, 43),
(1734, 195314029, 'JESSICA JULIANI GIHARTO', 58, 2, 43),
(1735, 195314030, 'KORNELIUS THEOSAN WIJAYANTO', 58, 2, 43),
(1736, 195314031, 'KATHARINA TYAS APRILIA', 58, 2, 43),
(1737, 195314032, 'STEFANUS NOTARIO CHRISTIANS', 58, 2, 43),
(1738, 195314033, 'MARCELLINUS FAJAR ADI NUGRAHA', 58, 2, 43),
(1739, 195314034, 'ANDREAS GUSNAFREDO NUGRAOKTA', 58, 2, 43),
(1740, 195314035, 'BELLA RODEWANI RAHAYU PURBA', 58, 2, 43),
(1741, 195314036, 'MARGARETA SELVIA', 58, 2, 43),
(1742, 195314037, 'YOHANES KALISJATI WIJAYA KUSUMA', 58, 2, 43),
(1743, 195314038, 'WILBERT CHRISTOPHER', 58, 2, 43),
(1744, 195314039, 'BERNARDUS ENRICO GIOVANNI PRABASWARA', 58, 2, 43),
(1745, 195314040, 'MARIA YASINTHA BETAN', 58, 2, 43),
(1746, 195314041, 'KEVIN CASTIGLIANO AIPASSA', 58, 2, 43),
(1747, 195314042, 'DIONISIUS ANDREAN SIHOMBING', 58, 2, 43),
(1748, 195314043, 'EVAN CHRISANDYA NUGROHO', 58, 2, 43),
(1749, 195314044, 'REVIANDY NOVAN TIKUPADANG', 58, 2, 43),
(1750, 195314045, 'VISTA TANDIRERUNG', 58, 2, 43),
(1751, 195314046, 'RINARDI BAGE LEMAU', 58, 2, 43),
(1752, 195314047, 'SURYA VALENTHYNO MALLISA', 58, 2, 43),
(1753, 195314048, 'STANISLAUS SURYO ANGGORO NUSWANTORO', 58, 2, 43),
(1754, 195314049, 'KEVIN ALBERT NATH', 58, 2, 43),
(1755, 195314050, 'SERAF NOFRIAN LAMBEY', 58, 2, 43),
(1756, 195314051, 'FRANKLIN HIZKIA ROOROH', 58, 2, 43),
(1757, 195314052, 'NATANAEL AUSTIN AUGUST NUGROHO', 58, 2, 43),
(1758, 195314053, 'DAVID WIJAYA', 58, 2, 43),
(1759, 195314054, 'PASCALIS PRADANI SINDHUNATA', 58, 2, 43),
(1760, 195314055, 'DOMISIUS ADVEN PEMANDI', 58, 2, 43),
(1761, 195314056, 'STEFANUS DAMAR PUTRA FAJAR BAGAS PRASETYA', 58, 2, 43),
(1762, 195314057, 'MARIA YUBELA CHELSEA', 58, 2, 43),
(1763, 195314058, 'BERNADETHA MEGA DEVINA AYUNINGTYAS', 58, 2, 43),
(1764, 195314059, 'ANGELA ASSETA PROFITASARI', 58, 2, 43),
(1765, 195314060, 'MARIA GORETTI ONI SARAS WIDYAS', 58, 2, 43),
(1766, 155314104, 'RENALDI', 59, 27, 44),
(1767, 185314010, 'HERIBERTUS ARGANA RAJENDRA IVANTO', 59, 27, 44),
(1768, 185314012, 'YOHANES BABTISTA DAVID RAHARDITYA', 59, 27, 44),
(1769, 185314029, 'MARIA FELICIA', 59, 27, 44),
(1770, 185314033, 'F. VIVIAN PRASKA WANDITA', 59, 27, 44),
(1771, 185314059, 'GRACELLA ANGELICA EKARIATI PATIUNG', 59, 27, 44),
(1772, 185314066, 'ROY GABE SITOMORANG', 59, 27, 44),
(1773, 185314072, 'GEORGE JUSEN', 59, 27, 44),
(1774, 195314121, 'FELIX ALDEN NUGROHO', 59, 27, 44),
(1775, 195314122, 'VIRGINANDO KEVIN BON', 59, 27, 44),
(1776, 195314123, 'HENDRA DARMAWAN SELOKOPUTRA', 59, 27, 44),
(1777, 195314124, 'OKTAVIANUS ARISKI', 59, 27, 44),
(1778, 195314125, 'YOSEFINO MARIO FERNANDO WITIN', 59, 27, 44),
(1779, 195314126, 'DESCHA REGINA CAELI', 59, 27, 44),
(1780, 195314127, 'CHRISTOFER', 59, 27, 44),
(1781, 195314128, 'NI PUTU SANTI TAMARA TITI KENCANA', 59, 27, 44),
(1782, 195314129, 'MODESTA YOLANDA CHRISTI', 59, 27, 44),
(1783, 195314130, 'ALFRIDO MARIO MANIKIN', 59, 27, 44),
(1784, 195314141, 'SEBASTIAN IRVANDO TULUS. S', 59, 27, 44),
(1785, 195314142, 'AUDY VALENTIANO', 59, 27, 44),
(1786, 195314143, 'QUIEDO RAFAEL BILLIK', 59, 27, 44),
(1787, 195314144, 'AGRY GRACEL LOLONGAN', 59, 27, 44),
(1788, 195314145, 'MUHAMMAD IMAM SYAHPUTRA', 59, 27, 44),
(1789, 195314146, 'PAGUH ESATRIO', 59, 27, 44),
(1790, 195314147, 'ANDREAS SITINJAK', 59, 27, 44),
(1791, 195314148, 'GABRIEL KRISETYANTO WICAKSONO', 59, 27, 44),
(1792, 195314149, 'MARIA OKTAVIANI', 59, 27, 44),
(1793, 195314150, 'RIFENIGEL MAHENKA NARAHAWARIN', 59, 27, 44),
(1794, 195314161, 'VIRGINIA SEPTRINITA ISABEL GINTING', 59, 27, 44),
(1795, 195314162, 'GITANJALI MAYRA EKARINI', 59, 27, 44),
(1796, 195314163, 'WILKY ADITIA PRATAMA PASANG', 59, 27, 44),
(1797, 195314164, 'NOVITA AYU DWI NUGRAHENI', 59, 27, 44),
(1798, 195314165, 'MICHELL ANGEL PATRICIA', 59, 27, 44),
(1799, 195314166, 'KEVIN APUL MARSAGU LBN. GAOL', 59, 27, 44),
(1800, 195314167, 'AXEL FRANS SILALAHI', 59, 27, 44),
(1801, 195314168, 'MARIO YULIANTO SETIADI', 59, 27, 44),
(1802, 195314169, 'DANIEL SAITULUS MARBUN', 59, 27, 44),
(1803, 195314170, 'S. RAJA NATAL P. PURBA', 59, 27, 44),
(1804, 195314181, 'FEBRINA DAYANTI SIHOMBING', 59, 27, 44),
(1805, 135314071, 'DANIEL CRIST ANDRE SAPUTRA NYAMPAI', 60, 1, 45),
(1806, 145314089, 'ALFRIAN FERNANDO LAMAWURAN', 60, 1, 45),
(1807, 155314034, 'ANTONIO KENNY SETIAWAN', 61, 28, 46),
(1808, 165314001, 'YAKOBUS ARIS ARVANTO', 61, 28, 46),
(1809, 165314003, 'NANANG HIMAWAN FAUZI', 61, 28, 46),
(1810, 165314006, 'ANTONIUS YOGI PRIHANTORO', 61, 28, 46),
(1811, 165314007, 'WIDI FIRMANSYAH', 61, 28, 46),
(1812, 165314009, 'EVANNOAH ROLIMARCH PRATAMA', 61, 28, 46),
(1813, 165314015, 'REYNALDI SETIAWAN', 61, 28, 46),
(1814, 165314023, 'AURELI ISAIAS', 61, 28, 46),
(1815, 165314025, 'ANTONIUS BAYU ANGGORO JATI', 61, 28, 46),
(1816, 165314028, 'WILLIAMS NICOSEN', 61, 28, 46),
(1817, 165314029, 'HADIYAN FAIKAR', 61, 28, 46),
(1818, 165314037, 'VERONICA MEIDITA SETYANI', 61, 28, 46),
(1819, 165314062, 'KLAUDIA KISNODI', 61, 28, 46),
(1820, 165314069, 'DESI RATNASARI', 61, 28, 46),
(1821, 165314073, 'ARTHA DIAN SINAGA', 61, 28, 46),
(1822, 165314080, 'YOHANES KAPISTRANO NANA', 61, 28, 46),
(1823, 165314090, 'ANASTASIA NOVIA WINDRAWATI', 61, 28, 46),
(1824, 165314098, 'PAULINA MANGANDE', 61, 28, 46),
(1825, 165314101, 'ALFRIYANDI DWI PRADIPTA SINAGA', 61, 28, 46),
(1826, 165314112, 'NINDA MAWARNI', 61, 28, 46),
(1827, 165314118, 'EGIDIA YUNI SAVITRI', 61, 28, 46),
(1828, 145314011, 'VINSENSIUS VERDIANTO PUTRA', 62, 29, 47),
(1829, 125314129, 'FEBRY RENALDY', 63, 30, 48),
(1830, 125314129, 'FEBRY RENALDY', 64, 31, 49),
(1831, 155314009, 'JAVA SINDHARA', 64, 31, 49),
(1832, 155314012, 'MIKHA ADMAWIJAYA', 64, 31, 49),
(1833, 155314050, 'BILY LESMANA', 64, 31, 49),
(1834, 155314063, 'NANDIEL DESEA ANDANA', 64, 31, 49),
(1835, 165314096, 'CLAUDEO DANAR LUKMANTO', 64, 31, 49),
(1836, 185314081, 'ANASTHASYA MILLENIA PULUNGAN', 64, 31, 49),
(1837, 185314083, 'BONIFATIUS CHOSHE MANGGALA PUTRA', 64, 31, 49),
(1838, 185314085, 'EDUARDUS ERIK', 64, 31, 49),
(1839, 185314086, 'DAMIANUS HALILINTAR', 64, 31, 49),
(1840, 185314087, 'ROBERTO DANIEL PASARIBU', 64, 31, 49),
(1841, 185314088, 'STEFANUS HARDIKI KARDOS', 64, 31, 49),
(1842, 185314089, 'DESY RAMADHANI RUMBOU', 64, 31, 49),
(1843, 185314090, 'VITUS DAMA JIVANOV', 64, 31, 49),
(1844, 185314091, 'SHINE CROSSIFIXIO SIANTURI', 64, 31, 49),
(1845, 185314092, 'NESTA LAKSANA DANISWARA', 64, 31, 49),
(1846, 185314094, 'ALEXANDRA VELMAS DUMATUBUN', 64, 31, 49),
(1847, 185314095, 'ANTONIUS BAGUS HENDI SAPUTRO', 64, 31, 49),
(1848, 185314096, 'TIANSI MIRANDA SITINJAK', 64, 31, 49),
(1849, 185314097, 'YOGI ERNESTO SIREKEN', 64, 31, 49),
(1850, 185314098, 'FAJAR WASKITO', 64, 31, 49),
(1851, 185314099, 'RIZKY STEVANUS HAMONANGAN BUTAR BUTAR', 64, 31, 49),
(1852, 185314100, 'SANGAJI IHSAN NURKHOLIS', 64, 31, 49),
(1853, 185314101, 'YUDHA ADHI PANGESTU', 64, 31, 49),
(1854, 185314103, 'AGUSTINUS DENISIUS YEUYANAN', 64, 31, 49),
(1855, 185314105, 'TEOFILUS ALFANO DESWANDA', 64, 31, 49),
(1856, 185314107, 'CALVIN EKAYANA', 64, 31, 49),
(1857, 185314108, 'PHILIPUS AGRI ADHIATMA', 64, 31, 49);
INSERT INTO `presensi` (`idPresensi`, `nim`, `nama`, `idMakul`, `idDosen`, `idRuangan`) VALUES
(1858, 185314109, 'PRISCILLA ANGELLA INDRIANI.T.DERU', 64, 31, 49),
(1859, 185314110, 'NIDYA MUFLIHASARI', 64, 31, 49),
(1860, 185314111, 'KENNY GILBERT', 64, 31, 49),
(1861, 185314142, 'DIMAS RESTU PAMUNGKAS', 64, 31, 49),
(1862, 185314143, 'HERMINA DAI WADAN', 64, 31, 49),
(1863, 185314144, 'ELFAN IOBINA VISKI PURBA', 64, 31, 49),
(1864, 165314054, 'EZRA PETRA NAMSA', 65, 32, 50),
(1865, 165314096, 'CLAUDEO DANAR LUKMANTO', 65, 32, 50),
(1866, 165314105, 'EKA PUTRA KURNIASANDY BENE DIKTUS', 65, 32, 50),
(1867, 175314042, 'DANIEL FREDERIK', 65, 32, 50),
(1868, 175314082, 'ALBERTUS SATRIO BAYUAJI', 65, 32, 50),
(1869, 185314062, 'LIDWINA RATIH TRI WULANDARI', 65, 32, 50),
(1870, 185314063, 'EVARISTA IRIANTI', 65, 32, 50),
(1871, 185314064, 'CINDY YUDHITA MASSUDI', 65, 32, 50),
(1872, 185314067, 'FELISITAS GEA NANDA ELVIONA', 65, 32, 50),
(1873, 185314137, 'MARCHELIENE MIRYASTRI BOLO', 65, 32, 50),
(1874, 195314168, 'MARIO YULIANTO SETIADI', 65, 32, 50),
(1875, 155314106, 'LEONARDUS PITER MAHENDRA', 65, 32, 51),
(1876, 185314075, 'RAMOT YUSTIAN HALIM PASARIBU', 65, 32, 51);

-- --------------------------------------------------------

--
-- Table structure for table `ruangan`
--

CREATE TABLE `ruangan` (
  `idRuangan` int(11) NOT NULL,
  `nama` varchar(255) NOT NULL,
  `makul` varchar(255) NOT NULL,
  `hari` varchar(255) NOT NULL,
  `jam` varchar(255) NOT NULL
) ENGINE=InnoDB DEFAULT CHARSET=latin1;

--
-- Dumping data for table `ruangan`
--

INSERT INTO `ruangan` (`idRuangan`, `nama`, `makul`, `hari`, `jam`) VALUES
(1, 'K.207', '1', 'Selasa', '11:00 12:50'),
(2, '', '2', 'Selasa', '07:00 09:50'),
(3, 'L.JK B FST', '3', 'Selasa', '07:00 09:50'),
(4, 'LKD.C FST', '3', 'Selasa', '07:00 09:50'),
(5, 'L.BD B FST', '3', 'Selasa', '07:00 09:50'),
(6, 'L.BD C FST', '3', 'Selasa', '07:00 09:50'),
(7, 'K.207', '7', 'Kamis', '09:00 10:50'),
(8, 'K.204', '7', 'Kamis', '11:00 12:50'),
(9, 'K.413', '10', 'Senin', '15:00 17:50'),
(10, 'K.204', '11', 'Selasa', '09:00 10:50'),
(11, 'K.205', '11', 'Selasa', '09:00 10:50'),
(12, 'K.204', '15', 'Selasa', '11:00 13:50'),
(13, 'K.205', '15', 'Rabu', '13:00 15:50'),
(14, 'K.207', '15', 'Jumat', '07:00 09:50'),
(15, 'K.311', '20', 'Selasa', '13:00 15:50'),
(16, 'K.414', '20', 'Selasa', '13:00 15:50'),
(17, 'K.205', '22', 'Kamis', '07:00 09:50'),
(18, 'K.207', '22', 'Kamis', '10:00 12:50'),
(19, 'K.207', '24', 'Selasa', '13:00 15:50'),
(20, 'L.JK C FST', '26', 'Senin', '07:00 09:50'),
(21, 'K.207', '27', 'Selasa', '09:00 11:50'),
(22, 'L.BD B FST', '27', 'Rabu', '07:00 09:50'),
(23, 'K.207', '29', 'Senin', '09:00 11:50'),
(24, 'L.BD B FST', '30', 'Senin', '10:00 12:50'),
(25, 'LKD.A FST', '3', 'Selasa', '07:00 09:50'),
(26, 'LKD.B FST', '3', 'Selasa', '07:00 09:50'),
(27, 'K.205', '37', 'Senin', '07:00 09:50'),
(28, 'K.207', '37', 'Senin', '07:00 09:50'),
(29, 'K.205', '39', 'Rabu', '10:00 12:50'),
(30, 'K.312', '39', 'Rabu', '10:00 12:50'),
(31, 'K.311', '39', 'Rabu', '10:00 12:50'),
(32, 'L.BD C FST', '20', 'Selasa', '07:00 09:50'),
(33, 'K.207', '20', 'Selasa', '11:00 13:50'),
(34, 'K.311', '22', 'Kamis', '07:00 09:50'),
(35, 'L.BD C FST', '22', 'Kamis', '10:00 12:50'),
(36, 'K.204', '22', 'Kamis', '07:00 09:50'),
(37, 'LKD.C FST', '22', 'Kamis', '07:00 09:50'),
(38, 'L.BD B FST', '24', 'Senin', '09:00 10:50'),
(39, 'K.207', '53', 'Senin', '07:00 09:50'),
(40, 'K.311', '53', 'Senin', '07:00 09:50'),
(41, 'K.204', '53', 'Selasa', '07:00 09:50'),
(42, 'K.205', '53', 'Selasa', '07:00 09:50'),
(43, 'K.204', '58', 'Rabu', '14:00 16:50'),
(44, 'K.204', '59', 'Kamis', '11:00 13:50'),
(45, 'K.413', '60', 'Jumat', '12:00 14:50'),
(46, 'K.312', '61', 'Rabu', '13:00 16:50'),
(47, 'I PGSD 1', '62', 'Senin', '07:00 08:50'),
(48, 'K.413', '63', 'Senin', '11:00 12:50'),
(49, 'K.204', '64', 'Kamis', '07:00 09:50'),
(50, 'K.416', '65', 'Senin', '07:00 08:50'),
(51, 'K.204', '65', 'Senin', '09:00 10:50'),
(52, 'L.BD C FST', '37', 'Senin', '14:00 16:50'),
(53, 'K.204', '20', 'Rabu', '07:00 09:50'),
(54, 'K.312', '20', 'Rabu', '14:00 16:50'),
(55, 'K.312', '22', 'Rabu', '07:00 09:50'),
(56, 'II', '10', 'Selasa', '11:00 13:50'),
(57, 'K.304', '15', 'Rabu', '10:00 12:50'),
(58, 'K.313', '15', 'Selasa', '09:00 11:50');

-- --------------------------------------------------------

--
-- Table structure for table `tahun`
--

CREATE TABLE `tahun` (
  `idTahun` int(11) NOT NULL,
  `tahun` int(11) NOT NULL
) ENGINE=InnoDB DEFAULT CHARSET=latin1;

--
-- Dumping data for table `tahun`
--

INSERT INTO `tahun` (`idTahun`, `tahun`) VALUES
(1, 14),
(2, 15),
(3, 16),
(4, 18),
(5, 19),
(6, 17),
(7, 13),
(8, 12);

--
-- Indexes for dumped tables
--

--
-- Indexes for table `dosen`
--
ALTER TABLE `dosen`
  ADD PRIMARY KEY (`idDosen`);

--
-- Indexes for table `kolokium`
--
ALTER TABLE `kolokium`
  ADD PRIMARY KEY (`id`);

--
-- Indexes for table `mahasiswa`
--
ALTER TABLE `mahasiswa`
  ADD PRIMARY KEY (`idMahasiswa`);

--
-- Indexes for table `makul`
--
ALTER TABLE `makul`
  ADD PRIMARY KEY (`idMakul`);

--
-- Indexes for table `pendadaran`
--
ALTER TABLE `pendadaran`
  ADD PRIMARY KEY (`id`);

--
-- Indexes for table `presensi`
--
ALTER TABLE `presensi`
  ADD PRIMARY KEY (`idPresensi`);

--
-- Indexes for table `ruangan`
--
ALTER TABLE `ruangan`
  ADD PRIMARY KEY (`idRuangan`);

--
-- Indexes for table `tahun`
--
ALTER TABLE `tahun`
  ADD PRIMARY KEY (`idTahun`);

--
-- AUTO_INCREMENT for dumped tables
--

--
-- AUTO_INCREMENT for table `dosen`
--
ALTER TABLE `dosen`
  MODIFY `idDosen` int(11) NOT NULL AUTO_INCREMENT, AUTO_INCREMENT=36;

--
-- AUTO_INCREMENT for table `kolokium`
--
ALTER TABLE `kolokium`
  MODIFY `id` int(11) NOT NULL AUTO_INCREMENT;

--
-- AUTO_INCREMENT for table `mahasiswa`
--
ALTER TABLE `mahasiswa`
  MODIFY `idMahasiswa` int(11) NOT NULL AUTO_INCREMENT, AUTO_INCREMENT=617;

--
-- AUTO_INCREMENT for table `makul`
--
ALTER TABLE `makul`
  MODIFY `idMakul` int(11) NOT NULL AUTO_INCREMENT, AUTO_INCREMENT=81;

--
-- AUTO_INCREMENT for table `pendadaran`
--
ALTER TABLE `pendadaran`
  MODIFY `id` int(11) NOT NULL AUTO_INCREMENT;

--
-- AUTO_INCREMENT for table `presensi`
--
ALTER TABLE `presensi`
  MODIFY `idPresensi` int(11) NOT NULL AUTO_INCREMENT, AUTO_INCREMENT=1877;

--
-- AUTO_INCREMENT for table `ruangan`
--
ALTER TABLE `ruangan`
  MODIFY `idRuangan` int(11) NOT NULL AUTO_INCREMENT, AUTO_INCREMENT=59;

--
-- AUTO_INCREMENT for table `tahun`
--
ALTER TABLE `tahun`
  MODIFY `idTahun` int(11) NOT NULL AUTO_INCREMENT, AUTO_INCREMENT=9;
COMMIT;

/*!40101 SET CHARACTER_SET_CLIENT=@OLD_CHARACTER_SET_CLIENT */;
/*!40101 SET CHARACTER_SET_RESULTS=@OLD_CHARACTER_SET_RESULTS */;
/*!40101 SET COLLATION_CONNECTION=@OLD_COLLATION_CONNECTION */;
